e1x,e2x,e1y,e2y,dist_eyes,nx,ny,nx+nw,ny+nh,nose_size,mx,my,mx+mw,my+mh,mouth_size
30,66,36,38,36.05551275,30,49,64,77,952,29,77,62,97,660
32,68,35,37,36.05551275,31,48,64,76,924,29,74,64,95,735
65,35,41,36,30.41381265,28,48,61,75,891,21,70,66,97,1215
30,67,35,35,37,30,53,68,85,1216,40,84,65,99,375
27,62,42,33,36.138622,31,49,64,76,891,33,76,72,100,936
27,62,42,33,36.138622,34,47,66,73,832,33,74,74,98,984
26,63,38,27,38.60051813,31,46,64,74,924,32,72,76,98,1144
26,63,38,27,38.60051813,32,48,63,74,806,36,74,74,97,874
30,66,41,33,36.87817783,34,50,68,78,952,39,79,72,99,660
29,65,39,32,36.67424164,32,48,66,77,986,36,77,71,98,735
28,66,40,32,38.83297568,32,49,68,79,1080,37,78,71,98,680
28,66,40,32,38.83297568,31,49,67,79,1080,37,78,71,98,680
27,66,40,33,39.62322551,32,50,68,80,1080,37,79,71,99,680
29,65,41,32,37.10795063,34,49,65,75,806,37,77,72,98,735
29,65,41,32,37.10795063,34,52,69,81,1015,37,79,68,97,558
29,66,41,31,38.32753579,33,49,67,77,952,40,78,73,98,660
30,65,41,32,36.138622,33,49,66,77,924,37,75,72,96,735
29,68,40,32,39.81205847,33,49,68,78,1015,36,78,71,99,735
29,66,41,34,37.65634077,31,51,65,79,952,36,79,69,99,660
29,66,41,34,37.65634077,31,50,65,79,986,36,79,69,99,660
28,66,41,34,38.63935817,32,50,66,78,952,38,79,70,98,608
28,66,40,32,38.83297568,32,49,68,78,1044,38,79,70,98,608
29,66,42,33,38.07886553,32,50,66,78,952,38,78,71,98,660
29,66,41,33,37.85498646,32,49,65,77,924,37,78,71,98,680
29,66,41,33,37.85498646,32,47,66,75,952,35,72,77,97,1050
32,67,37,35,35.05709629,34,52,71,83,1147,38,81,68,99,540
28,67,39,30,40.02499219,30,47,66,77,1080,36,78,69,98,660
27,67,40,33,40.60788101,32,51,66,80,986,36,78,69,98,660
29,65,41,33,36.87817783,31,49,65,77,952,37,78,69,97,608
30,66,40,33,36.67424164,33,50,66,78,924,38,79,70,98,608
27,67,40,33,40.60788101,31,50,67,80,1080,38,79,70,98,608
28,67,40,33,39.62322551,31,50,67,80,1080,38,79,70,98,608
66,29,34,42,37.85498646,34,51,66,78,864,38,79,70,98,608
30,65,41,33,35.90264614,33,50,65,76,832,37,78,70,98,660
30,65,37,30,35.6931366,34,47,65,73,806,37,73,73,95,792
28,66,40,32,38.83297568,32,49,65,77,924,39,78,71,97,608
32,67,35,35,35,32,50,70,82,1216,36,80,67,98,558
30,67,40,32,37.85498646,33,48,67,76,952,40,78,72,97,608
27,65,39,30,39.05124838,31,48,66,77,1015,39,79,70,98,589
28,63,41,32,36.138622,31,49,64,76,891,35,78,68,98,660
31,65,41,33,34.92849839,33,49,65,75,832,37,78,71,98,680
29,64,41,32,36.138622,33,50,66,77,891,36,80,67,98,558
29,65,36,29,36.67424164,33,48,65,75,864,35,72,76,97,1025
29,65,36,29,36.67424164,32,47,65,75,924,34,72,75,97,1025
27,65,39,31,38.83297568,31,50,66,79,1015,36,78,70,98,680
29,66,40,33,37.65634077,33,51,67,79,952,38,78,71,98,660
30,65,40,32,35.90264614,33,49,65,76,864,36,76,71,97,735
67,32,37,36,35.0142828,31,51,70,83,1248,36,76,71,97,735
29,65,36,29,36.67424164,32,47,65,75,924,35,74,72,96,814
31,67,37,44,36.67424164,32,47,65,75,924,19,84,44,99,375
31,68,37,44,37.65634077,32,47,65,75,924,19,84,44,99,375
38,67,39,40,29.01723626,38,56,65,78,594,35,81,64,98,493
29,68,35,39,39.20459157,33,50,68,79,1015,31,79,61,97,540
67,28,38,37,39.01281841,26,52,66,85,1320,32,68,61,85,493
67,33,42,34,34.92849839,27,51,64,82,1147,32,68,61,85,493
29,70,32,30,41.0487515,36,46,63,68,594,29,74,67,97,874
30,68,32,31,38.01315562,27,41,71,78,1628,28,72,69,96,984
30,66,31,29,36.05551275,28,41,70,76,1470,28,70,71,96,1118
69,33,37,36,36.01388621,31,51,70,83,1248,37,81,65,98,476
71,31,32,32,40,29,41,74,78,1665,37,81,65,98,476
67,29,31,32,38.01315562,26,40,72,78,1748,37,81,65,98,476
30,70,32,29,40.11234224,25,40,73,80,1920,37,81,65,98,476
29,70,30,28,41.0487515,27,38,73,76,1748,37,81,65,98,476
71,32,30,32,39.05124838,29,42,72,78,1548,37,81,65,98,476
70,31,28,31,39.11521443,27,41,72,79,1710,37,81,65,98,476
70,30,32,34,40.04996879,27,41,71,78,1628,37,81,65,98,476
31,68,32,30,37.05401463,27,41,71,78,1628,37,81,65,98,476
31,69,33,32,38.01315562,29,43,69,76,1320,27,70,67,94,960
29,66,33,31,37.05401463,28,42,71,77,1505,27,71,68,95,984
67,33,35,34,34.0147027,31,50,68,81,1147,27,71,68,95,984
31,69,40,41,38.01315562,31,51,68,81,1110,29,72,70,97,1025
68,29,41,34,39.62322551,31,51,68,81,1110,26,77,63,99,814
71,29,31,35,42.19004622,28,46,69,80,1394,36,81,64,98,476
68,29,41,34,39.62322551,28,46,69,80,1394,26,77,63,99,814
71,24,35,36,47.01063709,31,54,72,88,1394,39,70,69,88,540
24,70,37,36,46.01086828,31,55,71,88,1320,39,69,70,87,558
25,69,37,37,44,31,54,69,86,1216,38,70,64,86,416
24,72,38,38,48,31,54,69,86,1216,38,70,64,86,416
27,70,37,35,43.0464865,33,56,70,87,1147,38,70,64,86,416
69,26,37,34,43.10452412,30,53,67,84,1147,38,70,64,86,416
65,34,38,39,31.01612484,32,52,68,82,1080,36,81,64,98,476
71,28,35,37,43.0464865,34,55,71,86,1147,36,81,64,98,476
26,69,38,36,43.0464865,34,57,71,88,1147,30,64,84,96,1728
25,73,37,37,48,30,55,72,90,1470,25,63,83,97,1972
25,69,39,39,44,29,56,68,88,1248,29,69,67,91,836
27,70,39,38,43.01162634,30,55,69,87,1248,29,69,67,91,836
28,71,37,39,43.0464865,30,55,69,87,1248,22,67,66,93,1144
21,66,36,34,45.04442252,31,55,70,87,1248,22,67,66,93,1144
25,66,38,36,41.0487515,31,57,70,90,1287,25,70,67,96,1092
25,66,38,36,41.0487515,24,47,64,80,1320,25,74,63,96,836
24,64,37,36,40.01249805,29,58,67,90,1216,23,68,70,96,1316
69,33,37,39,36.05551275,33,52,71,84,1216,40,83,66,99,416
22,65,39,38,43.01162634,28,59,68,92,1320,24,73,65,97,984
29,71,40,40,42,33,58,69,88,1080,24,73,65,97,984
27,70,38,40,43.0464865,31,56,70,88,1248,24,73,65,97,984
26,71,38,38,45,32,55,70,87,1216,24,73,65,97,984
67,33,38,31,34.71310992,25,43,64,75,1248,24,73,65,97,984
25,69,39,39,44,30,56,68,88,1216,24,73,65,97,984
26,70,37,38,44.01136217,32,55,71,87,1248,28,69,66,92,874
67,33,38,31,34.71310992,25,45,63,77,1216,19,63,78,98,2065
71,30,36,32,41.19465985,30,47,66,77,1080,28,79,60,98,608
72,31,39,40,41.01219331,31,56,70,88,1248,26,66,74,95,1392
72,31,39,40,41.01219331,31,56,70,88,1248,34,79,65,97,558
27,70,38,37,43.01162634,31,57,69,88,1178,25,65,76,95,1530
29,67,37,42,38.32753579,23,52,63,86,1360,25,65,76,95,1530
69,27,36,33,42.10700654,24,53,67,89,1548,25,65,76,95,1530
69,27,36,33,42.10700654,34,55,72,86,1178,26,66,73,94,1316
69,27,36,33,42.10700654,27,50,65,82,1216,24,81,53,98,493
25,69,37,36,44.01136217,33,56,70,87,1147,28,69,65,91,814
25,72,36,33,47.09564736,33,56,70,87,1147,25,63,82,97,1938
71,25,36,37,46.01086828,34,58,73,90,1248,25,62,83,96,1972
24,71,36,35,47.01063709,34,58,73,90,1248,27,69,67,93,960
66,22,32,37,44.28317965,31,56,64,83,891,26,78,60,98,680
33,67,36,43,34.71310992,26,50,61,79,1015,26,78,60,98,680
33,64,35,36,31.01612484,32,50,67,79,1015,33,77,65,96,608
29,69,34,34,40,28,48,65,79,1147,29,80,59,98,540
67,30,35,36,37.01351105,29,48,63,76,952,26,73,66,97,960
29,66,36,35,37.01351105,28,48,63,77,1015,26,73,66,97,960
65,28,35,37,37.05401463,27,48,61,77,986,25,75,63,98,874
65,28,35,36,37.01351105,26,48,61,77,1015,25,75,63,98,874
66,27,36,36,39,27,48,62,77,1015,25,75,63,98,874
65,27,35,35,38,26,46,60,75,986,25,75,63,98,874
29,67,35,35,38,28,47,63,76,1015,25,75,63,98,874
27,65,35,35,38,27,47,62,76,1015,25,75,63,98,874
27,66,39,36,39.11521443,28,49,62,77,952,32,79,64,98,608
32,65,35,36,33.01514804,30,50,68,81,1178,32,77,64,96,608
26,66,37,34,40.11234224,28,48,63,77,1015,30,78,64,98,680
27,66,39,34,39.3192065,27,48,62,77,1015,30,78,64,98,680
28,65,39,35,37.21558813,27,48,62,77,1015,29,79,61,98,608
30,69,35,36,39.01281841,29,47,64,76,1015,29,78,60,97,589
32,69,38,37,37.01351105,31,48,64,75,891,29,78,63,98,680
28,67,37,36,39.01281841,30,49,61,75,806,29,79,60,98,589
29,66,36,36,37,29,48,61,74,832,28,79,60,98,608
70,30,36,37,40.01249805,28,48,65,78,1110,28,79,60,98,608
29,66,35,34,37.01351105,28,47,62,75,952,26,73,65,96,897
71,29,33,34,42.01190308,30,47,67,78,1147,31,80,62,98,558
33,66,34,36,33.06055051,30,47,67,78,1147,33,79,64,97,558
67,32,39,33,35.51056181,24,45,62,77,1216,33,79,64,97,558
68,28,33,34,40.01249805,28,46,64,76,1080,27,77,61,98,714
31,68,36,35,37.01351105,31,48,65,76,952,29,75,66,97,814
69,29,36,36,40,29,48,64,77,1015,29,78,63,98,680
25,65,36,33,40.11234224,26,47,63,78,1147,29,78,63,98,680
25,65,36,33,40.11234224,26,47,63,77,1110,29,78,63,98,680
25,65,36,33,40.11234224,28,49,63,78,1015,34,77,70,98,756
26,65,40,32,39.81205847,27,47,64,77,1110,33,76,71,99,874
65,26,32,40,39.81205847,28,47,64,77,1080,33,76,70,98,814
25,64,39,32,39.62322551,28,47,63,76,1015,34,77,69,98,735
34,67,36,39,33.13608305,34,53,68,81,952,32,80,62,98,540
26,65,41,32,40.02499219,28,49,64,79,1080,32,80,62,98,540
25,65,41,33,40.79215611,28,48,64,78,1080,36,78,68,97,608
25,66,41,33,41.77319715,28,49,64,79,1080,41,81,70,98,493
28,66,40,32,38.83297568,30,47,66,77,1080,37,78,71,98,680
27,67,41,33,40.79215611,28,47,64,77,1080,37,79,69,98,608
26,66,41,33,40.79215611,29,48,64,77,1015,36,80,68,99,608
26,68,41,34,42.57933771,29,50,65,80,1080,36,80,68,99,608
68,28,33,40,40.60788101,30,48,66,78,1080,36,80,68,99,608
29,69,41,33,40.79215611,30,48,66,78,1080,36,80,68,99,608
29,69,41,33,40.79215611,30,48,67,78,1110,41,81,69,97,448
67,33,39,34,34.36568055,29,47,63,76,986,24,76,55,94,558
29,68,40,33,39.62322551,31,50,65,78,952,37,81,67,99,540
26,67,39,34,41.30375286,28,49,64,79,1080,37,81,67,99,540
27,66,40,32,39.81205847,28,47,64,77,1080,37,81,67,99,540
27,66,40,32,39.81205847,28,48,64,78,1080,37,81,67,99,540
28,67,39,32,39.62322551,29,48,65,78,1080,37,81,67,99,540
28,67,39,32,39.62322551,30,48,64,76,952,34,78,70,99,756
42,28,11,40,32.20248438,31,46,67,76,1080,34,78,70,99,756
25,66,39,33,41.43669871,27,50,64,81,1147,40,82,68,98,448
25,65,39,33,40.44749683,27,50,64,81,1147,40,82,68,98,448
25,66,36,29,41.59326869,29,46,66,76,1110,33,77,70,99,814
71,33,35,32,38.11823711,30,49,71,83,1394,33,77,70,99,814
33,65,32,29,32.14031736,29,49,67,81,1216,38,77,69,96,589
26,65,39,29,40.26164428,29,48,66,79,1147,37,79,70,99,660
30,67,37,40,37.12142239,32,56,65,83,891,27,67,73,95,1288
28,61,30,34,33.24154028,32,54,74,89,1470,38,70,64,85,390
65,36,38,33,29.42787794,26,44,65,77,1287,25,72,65,96,960
67,33,37,32,34.36568055,23,45,61,77,1216,21,69,65,95,1144
71,30,40,42,41.0487515,23,45,61,77,1216,15,63,72,97,1938
69,29,41,42,40.01249805,23,45,61,77,1216,16,63,74,98,2030
69,29,41,42,40.01249805,22,49,60,81,1216,16,63,74,98,2030
69,29,41,42,40.01249805,24,48,62,80,1216,21,72,64,98,1118
70,35,37,37,35,34,51,71,82,1147,35,79,65,97,540
28,67,35,41,39.45883931,24,55,63,87,1248,35,79,65,97,540
67,28,41,37,39.20459157,25,55,63,86,1178,35,79,65,97,540
30,66,36,42,36.49657518,26,52,62,82,1080,23,74,63,98,960
30,66,36,42,36.49657518,32,51,68,81,1080,23,74,63,98,960
30,66,36,42,36.49657518,27,52,67,85,1320,27,71,72,98,1215
33,65,42,42,32,31,51,69,82,1178,28,74,68,98,960
35,64,41,39,29.06888371,31,50,70,83,1287,27,72,71,98,1144
34,67,37,37,33,32,48,67,77,1015,33,71,70,93,814
29,59,35,35,30,23,48,54,74,806,25,75,57,94,608
68,33,40,35,35.35533906,34,46,69,75,1015,30,77,65,98,735
71,33,37,37,38,31,54,73,89,1470,36,70,64,87,476
71,33,37,37,38,33,51,62,75,696,28,73,64,95,792
62,32,35,42,30.8058436,31,47,55,67,480,28,73,64,95,792
62,32,34,43,31.32091953,29,46,55,68,572,28,73,64,95,792
31,71,40,30,41.23105626,29,43,61,70,864,29,75,66,97,814
31,70,38,34,39.20459157,34,50,67,77,891,29,75,66,97,814
31,70,38,34,39.20459157,29,56,60,82,806,29,75,66,97,814
33,66,40,32,33.95585369,31,45,58,67,594,29,75,66,97,814
30,64,38,32,34.525353,28,45,57,69,696,29,75,66,97,814
33,68,37,34,35.12833614,36,49,67,74,775,29,75,66,97,814
33,68,37,34,35.12833614,36,49,67,74,775,29,75,66,97,814
32,67,35,37,35.05709629,33,53,71,85,1216,39,68,67,85,476
32,69,39,35,37.21558813,33,50,67,79,986,36,79,67,98,589
33,66,39,34,33.37663854,36,47,61,68,525,36,79,67,98,589
31,69,39,37,38.05259518,34,49,66,75,832,36,79,67,98,589
67,33,35,36,34.0147027,36,47,65,71,696,30,71,71,95,984
30,68,38,35,38.11823711,32,51,65,78,891,33,79,64,97,558
30,67,39,36,37.12142239,32,49,65,76,891,31,74,67,95,756
32,68,39,37,36.05551275,34,51,65,76,775,31,72,69,95,874
32,68,39,37,36.05551275,33,50,64,76,806,29,70,69,94,960
32,68,39,37,36.05551275,34,49,63,73,696,29,70,69,94,960
32,67,39,37,35.05709629,33,50,66,77,891,33,76,66,96,660
70,32,38,35,38.11823711,33,50,66,77,891,38,70,66,87,476
31,65,38,40,34.05877273,34,49,66,76,864,27,70,70,96,1118
28,66,38,40,38.05259518,33,49,67,77,952,32,80,62,98,540
27,66,37,40,39.11521443,32,50,67,79,1015,31,83,57,99,416
29,64,37,38,35.0142828,29,50,64,79,1015,27,77,59,96,608
29,64,37,38,35.0142828,37,49,66,73,696,34,71,66,90,608
29,64,37,38,35.0142828,36,53,62,74,546,22,70,67,97,1215
65,29,36,32,36.22154055,26,52,57,77,775,33,79,63,97,540
35,71,37,38,36.01388621,32,50,70,81,1178,28,73,69,97,984
32,71,35,39,39.20459157,32,50,70,81,1178,26,72,69,98,1118
33,75,36,39,42.10700654,32,51,73,85,1394,26,72,69,98,1118
33,66,37,42,33.37663854,27,51,64,81,1110,26,72,69,98,1118
32,67,35,37,35.05709629,32,52,70,84,1216,26,72,69,98,1118
34,68,36,39,34.13209633,34,50,68,78,952,26,68,73,96,1316
33,66,36,38,33.06055051,34,50,68,78,952,34,81,63,98,493
33,67,37,39,34.05877273,31,52,70,85,1287,34,81,63,98,493
32,66,35,37,34.05877273,29,51,68,84,1287,32,81,61,98,493
35,69,33,37,34.23448554,31,49,68,80,1147,28,74,66,97,874
32,67,34,37,35.12833614,30,51,68,83,1216,30,79,62,98,608
66,33,37,35,33.06055051,29,51,67,83,1216,30,79,62,98,608
67,33,38,34,34.23448554,30,51,67,82,1147,30,79,62,98,608
66,33,38,35,33.13608305,30,51,66,81,1080,30,79,61,97,558
66,33,38,35,33.13608305,31,51,69,83,1216,35,82,62,98,432
32,67,38,43,35.35533906,27,52,63,82,1080,35,82,62,98,432
67,35,38,34,32.24903099,31,50,67,80,1080,32,79,63,97,558
66,34,36,34,32.06243908,31,50,67,80,1080,32,78,63,96,558
66,29,32,34,37.05401463,31,48,70,81,1287,36,78,67,97,589
66,33,35,37,33.06055051,31,48,70,81,1287,36,78,67,97,589
33,67,37,36,34.0147027,32,53,70,84,1178,35,80,65,98,540
34,65,36,37,31.01612484,32,53,70,84,1178,34,74,70,95,756
34,65,36,37,31.01612484,32,53,70,84,1178,36,81,64,98,476
68,31,36,34,37.05401463,32,53,70,84,1178,35,80,66,98,558
68,31,36,34,37.05401463,32,53,70,84,1178,37,82,65,99,476
33,68,36,37,35.0142828,32,52,69,83,1147,35,79,66,97,558
65,31,42,38,34.23448554,27,52,63,82,1080,35,79,66,97,558
65,31,42,38,34.23448554,31,52,69,84,1216,35,81,63,98,476
33,66,35,35,33,33,51,69,81,1080,33,76,67,96,680
67,34,37,34,33.13608305,32,50,69,80,1110,33,79,64,97,558
66,34,38,36,32.06243908,32,50,69,80,1110,33,78,64,97,589
66,34,38,36,32.06243908,31,50,69,82,1216,35,82,63,99,476
68,31,37,37,37,31,53,71,87,1360,36,69,65,86,493
70,34,39,37,36.05551275,33,53,73,86,1320,36,67,67,85,558
71,34,39,38,37.01351105,32,54,75,90,1548,36,67,67,85,558
65,30,36,39,35.12833614,33,52,70,83,1147,40,80,71,98,558
65,30,36,39,35.12833614,34,51,72,82,1178,40,80,70,98,540
33,66,38,41,33.13608305,29,52,63,81,986,40,80,70,98,540
67,33,37,34,34.13209633,34,51,71,82,1147,38,79,69,97,558
32,67,38,36,35.05709629,32,51,71,84,1287,39,81,67,98,476
31,66,37,35,35.05709629,30,49,71,83,1394,32,72,70,95,874
60,30,32,34,30.06659276,29,49,62,76,891,35,74,65,92,540
66,32,36,38,34.05877273,32,49,70,80,1178,35,74,65,92,540
32,65,36,37,33.01514804,32,49,70,80,1178,34,78,64,96,540
31,66,35,36,35.0142828,32,48,67,77,1015,34,76,66,95,608
31,66,35,36,35.0142828,32,50,69,80,1110,34,76,66,95,608
68,33,36,36,35,32,50,69,80,1110,36,79,67,97,558
69,34,38,38,35,33,53,71,85,1216,35,79,65,97,540
67,31,43,37,36.49657518,27,52,62,81,1015,35,79,65,97,540
72,35,35,38,37.12142239,33,53,73,87,1360,37,82,65,99,476
72,35,35,38,37.12142239,31,52,71,86,1360,36,82,63,98,432
72,35,35,38,37.12142239,31,52,71,86,1360,38,83,65,99,432
69,34,37,37,35,33,51,72,83,1248,38,83,65,99,432
70,32,36,36,38,33,53,73,86,1320,38,83,65,99,432
30,64,38,36,34.05877273,32,51,68,81,1080,40,82,67,98,432
30,64,38,36,34.05877273,32,51,70,82,1178,38,80,67,97,493
68,31,36,33,37.12142239,32,51,70,82,1178,38,80,67,97,493
68,29,36,36,39,32,52,72,85,1320,38,80,67,97,493
68,29,36,36,39,31,51,72,85,1394,41,83,67,99,416
68,29,36,36,39,31,53,54,72,437,23,75,58,96,735
69,26,33,35,43.0464865,30,52,72,87,1470,23,75,58,96,735
69,26,33,35,43.0464865,30,52,72,87,1470,37,82,64,98,432
69,26,33,35,43.0464865,30,53,53,72,437,22,78,56,98,680
69,26,33,35,43.0464865,29,52,53,72,480,21,78,55,98,680
35,64,38,41,29.15475947,30,53,50,70,340,22,74,60,97,874
34,68,40,41,34.0147027,30,53,53,72,437,22,78,55,98,660
35,68,40,42,33.06055051,31,53,55,72,456,23,77,58,98,735
35,67,40,41,32.01562119,31,53,53,71,396,24,77,58,97,680
34,65,38,41,31.144823,30,52,53,71,437,22,76,56,97,714
34,66,39,43,32.24903099,30,53,54,73,480,23,77,56,97,660
33,63,35,40,30.41381265,24,45,64,78,1320,22,72,60,95,874
35,70,40,42,35.05709629,29,52,57,75,644,24,79,56,98,608
32,67,39,42,35.12833614,28,53,52,72,456,21,81,50,98,493
33,67,39,41,34.05877273,28,53,52,72,456,22,79,54,98,608
33,67,39,42,34.13209633,28,53,52,72,456,23,79,55,98,608
33,67,39,42,34.13209633,29,52,52,71,437,22,75,58,97,792
36,64,38,41,28.16025568,31,51,53,69,396,23,72,62,95,897
34,65,39,41,31.06444913,30,52,52,70,396,23,76,58,97,735
33,65,40,41,32.01562119,29,54,52,73,437,23,78,55,97,608
33,67,39,42,34.13209633,28,52,57,76,696,26,80,57,98,558
32,68,41,41,36,28,53,61,80,891,18,63,73,96,1815
68,35,40,35,33.37663854,28,46,63,75,1015,24,72,64,96,960
67,32,40,40,35,28,53,59,79,806,30,81,59,99,522
32,69,39,39,37,29,53,62,80,891,30,82,59,99,493
33,67,41,41,34,29,54,60,80,806,31,82,59,99,476
67,34,41,43,33.06055051,31,55,59,78,644,31,81,60,98,493
32,67,41,40,35.0142828,29,54,60,79,775,31,82,58,98,432
31,67,42,40,36.05551275,30,54,61,80,806,31,82,58,98,432
68,32,41,42,36.01388621,31,54,61,79,750,31,82,58,98,432
69,32,41,42,37.01351105,30,54,61,80,806,31,82,58,98,432
68,33,41,42,35.0142828,30,54,61,80,806,31,83,58,99,432
68,30,41,41,38,30,54,61,80,806,31,83,58,99,432
31,69,39,37,38.05259518,30,50,66,80,1080,31,83,58,99,432
31,69,39,37,38.05259518,28,51,61,78,891,24,73,63,96,897
31,69,39,37,38.05259518,30,55,59,79,696,24,73,63,96,897
67,30,38,41,37.12142239,28,53,62,81,952,33,82,61,98,448
33,68,40,42,35.05709629,30,54,59,78,696,33,82,61,98,448
68,34,42,43,34.0147027,31,55,60,79,696,19,60,73,92,1728
67,33,41,42,34.0147027,30,54,59,78,696,29,82,57,99,476
32,67,40,41,35.0142828,30,53,58,77,672,29,82,57,99,476
32,67,42,41,35.0142828,28,53,59,79,806,28,82,56,99,476
32,68,41,42,36.01388621,28,53,58,77,720,28,82,56,99,476
68,34,41,41,34,30,55,64,83,952,33,83,60,99,432
33,67,40,40,34,31,54,62,80,806,32,80,62,98,540
64,31,40,37,33.13608305,27,50,63,80,1080,25,72,65,96,960
33,67,41,40,34.0147027,30,54,62,80,832,32,82,59,98,432
33,68,41,48,35.6931366,28,53,56,76,644,32,82,59,98,432
69,34,45,37,35.90264614,28,51,59,77,806,22,80,53,98,558
34,68,38,44,34.525353,29,51,56,74,621,21,79,54,98,627
33,68,39,45,35.51056181,28,53,58,77,720,22,82,50,98,448
70,36,44,38,34.525353,32,53,56,73,480,24,80,54,98,540
70,36,44,38,34.525353,30,55,58,78,644,27,82,54,98,432
32,68,39,41,36.05551275,30,56,59,80,696,27,82,54,98,432
31,67,42,42,36,30,57,60,82,750,27,82,54,98,432
31,66,40,41,35.0142828,29,56,60,82,806,27,82,54,98,432
34,67,39,42,33.13608305,29,51,64,80,1015,26,73,66,97,960
33,68,39,40,35.0142828,31,54,63,80,832,26,73,66,97,960
31,67,40,43,36.12478374,29,56,62,83,891,26,73,66,97,960
31,67,40,43,36.12478374,29,55,61,81,832,31,82,59,99,476
33,69,38,42,36.22154055,30,54,62,80,832,29,83,56,99,432
34,66,39,42,32.14031736,29,54,56,77,621,27,80,57,98,540
69,34,44,40,35.22782991,28,52,57,76,696,24,80,54,98,540
69,34,44,40,35.22782991,29,53,57,77,672,25,80,56,99,589
33,69,40,44,36.22154055,30,56,58,79,644,28,82,56,99,476
35,69,41,45,34.23448554,31,56,60,80,696,28,82,56,99,476
35,69,41,45,34.23448554,29,55,57,79,672,29,81,57,97,448
34,65,33,38,31.40063694,23,42,65,77,1470,25,70,64,93,897
34,65,33,38,31.40063694,27,55,58,81,806,25,81,54,99,522
32,68,39,44,36.34556369,27,55,57,80,750,24,81,52,98,476
29,68,38,44,39.45883931,24,54,56,81,864,24,81,52,98,476
29,66,38,43,37.33630941,24,54,54,79,750,24,81,52,98,476
34,69,39,42,35.12833614,29,53,57,76,644,25,81,53,98,476
33,67,39,42,34.13209633,28,52,57,76,696,24,81,53,98,493
33,67,40,44,34.23448554,28,54,55,76,594,24,82,52,99,476
33,67,40,44,34.23448554,31,55,59,78,644,28,82,56,99,476
33,67,40,44,34.23448554,29,54,58,78,696,28,82,56,99,476
32,66,41,43,34.05877273,27,55,57,80,750,26,82,53,98,432
32,66,41,43,34.05877273,26,44,59,72,924,26,69,62,90,756
34,69,40,44,35.22782991,29,55,59,80,750,27,82,55,98,448
33,69,39,44,36.34556369,28,55,59,81,806,25,82,53,99,476
33,68,40,44,35.22782991,29,54,59,79,750,26,81,55,98,493
34,70,41,45,36.22154055,28,54,62,82,952,26,82,53,98,432
34,67,41,45,33.24154028,28,54,61,81,891,26,81,54,98,476
31,67,41,45,36.22154055,26,55,58,82,864,23,82,51,98,448
30,69,42,46,39.20459157,27,56,59,83,864,25,83,52,99,432
34,69,40,44,35.22782991,30,54,57,77,621,26,80,57,99,589
35,68,41,44,33.13608305,29,53,57,76,644,24,81,53,98,493
32,66,40,45,34.36568055,28,55,55,77,594,25,82,54,99,493
62,31,41,35,31.57530681,25,49,58,76,891,21,70,60,94,936
69,32,41,41,37,30,54,63,81,891,20,60,79,95,2065
69,32,41,41,37,31,52,58,74,594,26,79,58,98,608
69,32,41,41,37,31,52,57,74,572,27,79,58,98,589
34,67,38,42,33.24154028,28,53,57,77,696,26,82,55,99,493
68,33,45,36,36.138622,28,53,55,76,621,26,82,55,99,493
68,38,41,36,30.41381265,34,49,57,68,437,23,72,65,97,1050
36,71,37,43,35.51056181,31,51,57,73,572,25,77,60,98,735
36,70,37,43,34.525353,32,51,57,72,525,24,78,58,98,680
35,68,40,46,33.54101966,29,54,57,77,644,24,78,58,98,680
34,68,38,44,34.525353,27,52,54,75,621,21,79,54,99,660
29,60,37,42,31.40063694,24,49,56,75,832,20,70,59,94,936
36,67,37,43,31.57530681,29,53,56,76,621,24,79,56,98,608
35,68,40,45,33.37663854,28,55,57,79,696,25,82,54,99,493
35,68,41,45,33.24154028,28,54,58,79,750,23,82,52,99,493
34,66,39,44,32.38826948,28,54,58,79,750,23,82,52,99,493
33,67,39,44,34.36568055,28,54,58,79,750,25,81,53,97,448
36,67,39,44,31.40063694,31,53,59,76,644,26,78,59,97,627
37,70,40,45,33.37663854,30,55,58,78,644,26,80,54,97,476
35,72,38,44,37.48332963,29,55,61,82,864,26,80,54,97,476
35,69,39,44,34.36568055,29,56,59,81,750,25,82,53,99,476
68,35,45,40,33.37663854,30,55,57,78,621,27,81,56,98,493
58,29,41,36,29.42787794,24,50,57,78,924,22,72,61,95,897
34,68,39,45,34.525353,28,55,57,79,696,24,81,52,98,476
34,67,39,45,33.54101966,29,54,58,78,696,25,81,54,98,493
34,67,39,45,33.54101966,28,53,59,79,806,22,80,52,98,540
34,67,39,45,33.54101966,28,53,59,79,806,24,79,56,98,608
34,68,40,46,34.525353,30,54,56,75,546,22,78,55,98,660
34,68,40,46,34.525353,28,56,57,80,696,22,78,55,98,660
35,67,39,44,32.38826948,31,54,58,76,594,27,82,55,99,476
35,67,39,44,32.38826948,29,55,56,78,621,23,82,50,98,432
35,67,39,44,32.38826948,30,53,57,75,594,25,78,58,97,627
68,34,43,38,34.36568055,29,53,56,75,594,23,79,56,99,660
67,33,42,37,34.36568055,27,50,63,80,1080,24,73,65,97,984
33,68,41,41,35,30,54,62,80,832,30,82,58,98,448
68,33,39,40,35.0142828,32,54,60,77,644,31,81,59,98,476
34,69,39,43,35.22782991,29,54,57,77,644,28,82,56,98,448
67,33,43,41,34.05877273,29,53,54,74,525,23,80,54,98,558
67,33,43,41,34.05877273,29,53,55,75,572,24,79,56,98,608
35,68,38,45,33.73425559,29,53,56,76,621,24,79,56,98,608
35,68,38,45,33.73425559,30,53,53,72,437,22,77,57,98,735
73,33,46,39,40.60788101,26,54,60,82,952,22,77,57,98,735
69,34,45,41,35.22782991,27,55,59,82,864,23,80,51,97,476
31,69,39,47,38.83297568,25,56,57,83,864,23,80,51,97,476
66,33,41,35,33.54101966,26,49,61,78,1015,24,72,65,96,984
33,67,41,47,34.525353,26,57,58,83,832,24,72,65,96,984
34,69,39,45,35.51056181,27,55,59,82,864,23,81,51,97,448
35,67,39,44,32.38826948,28,53,56,76,644,20,73,63,99,1118
35,65,41,45,30.2654919,29,55,56,77,594,24,80,56,99,608
35,65,41,45,30.2654919,30,55,56,77,572,23,78,57,98,680
35,65,41,45,30.2654919,29,55,55,77,572,22,79,55,99,660
68,34,46,41,34.36568055,29,55,55,76,546,22,79,55,99,660
68,34,46,41,34.36568055,32,55,61,79,696,32,81,60,98,476
32,66,40,41,34.0147027,29,55,59,80,750,30,81,58,98,476
32,67,40,47,35.6931366,27,55,55,78,644,21,82,49,98,448
32,67,40,47,35.6931366,27,49,63,79,1080,28,79,59,97,558
66,34,40,36,32.24903099,27,49,61,77,952,24,72,62,95,874
67,32,48,42,35.51056181,26,58,54,81,644,24,72,62,95,874
67,32,48,42,35.51056181,30,53,58,76,644,24,80,55,99,589
67,32,48,42,35.51056181,31,53,56,74,525,24,80,55,99,589
35,66,39,44,31.40063694,30,54,53,73,437,25,79,57,98,608
67,34,45,38,33.73425559,28,54,55,76,594,25,79,57,98,608
67,36,43,39,31.25699922,31,54,54,73,437,21,78,54,98,660
36,69,37,46,34.20526275,30,54,57,76,594,21,78,54,98,660
36,69,37,46,34.20526275,31,53,57,74,546,21,79,55,99,680
37,66,37,43,29.61418579,32,51,57,72,525,22,74,60,97,874
37,66,37,43,29.61418579,28,55,54,77,572,22,74,60,97,874
37,66,37,43,29.61418579,28,50,62,78,952,24,75,61,97,814
33,67,40,46,34.525353,29,55,56,77,594,24,82,52,99,476
34,69,38,44,35.51056181,29,55,56,78,621,24,82,52,99,476
34,64,40,43,30.14962686,29,54,54,75,525,27,80,58,98,558
32,67,40,43,35.12833614,28,53,57,77,696,26,82,53,98,432
32,67,39,42,35.12833614,28,53,58,78,750,25,82,53,98,448
35,68,40,44,33.24154028,32,55,55,74,437,28,80,58,98,540
35,69,38,42,34.23448554,29,53,58,77,696,28,80,58,98,540
68,34,42,39,34.13209633,29,53,58,77,696,26,80,59,100,660
35,69,41,42,34.0147027,29,53,57,76,644,26,80,59,100,660
35,68,39,43,33.24154028,29,53,56,75,594,25,80,55,98,540
33,66,35,41,33.54101966,27,50,61,78,952,24,73,64,97,960
69,35,47,42,34.36568055,29,57,55,79,572,24,73,64,97,960
35,68,40,45,33.37663854,28,55,55,78,621,24,82,53,99,493
36,67,38,43,31.40063694,28,52,56,75,644,23,80,53,98,540
35,67,38,42,32.24903099,30,51,55,72,525,22,78,54,97,608
35,67,38,42,32.24903099,30,53,54,73,480,22,78,56,98,680
68,32,43,38,36.34556369,28,55,56,78,644,22,78,56,98,680
33,68,39,42,35.12833614,29,56,58,80,696,22,78,56,98,680
34,68,37,43,34.525353,30,55,61,81,806,22,78,56,98,680
34,67,37,43,33.54101966,29,54,58,78,696,27,78,60,98,660
34,69,38,43,35.35533906,31,55,60,79,696,29,80,59,98,540
34,69,38,43,35.35533906,26,48,62,78,1080,24,72,66,97,1050
36,70,39,45,34.525353,30,54,59,78,696,24,72,66,97,1050
36,69,36,44,33.95585369,29,55,55,76,546,25,82,52,98,432
36,69,36,44,33.95585369,29,54,56,76,594,23,82,50,98,432
32,69,40,46,37.48332963,27,55,57,80,750,23,82,50,98,432
36,67,40,46,31.57530681,29,54,54,74,500,23,82,50,98,432
36,68,36,43,32.75667871,32,53,57,74,525,26,77,61,98,735
36,68,36,43,32.75667871,28,50,54,72,572,22,76,56,97,714
38,67,39,46,29.83286778,28,50,54,72,572,22,79,55,98,627
35,68,39,45,33.54101966,29,55,54,76,525,21,80,51,98,540
35,68,39,45,33.54101966,28,53,57,77,696,21,80,51,98,540
33,66,39,42,33.13608305,29,54,62,82,924,25,77,60,98,735
39,70,37,45,32.01562119,31,54,56,74,500,25,78,59,98,680
34,68,38,46,34.92849839,28,54,55,76,594,18,80,47,97,493
34,67,38,45,33.73425559,27,55,56,79,696,18,80,47,97,493
36,69,35,43,33.95585369,31,53,58,75,594,27,78,63,100,792
34,65,36,42,31.57530681,27,51,53,73,572,20,76,59,99,897
34,68,38,45,34.71310992,29,56,56,78,594,25,80,55,98,540
34,68,37,44,34.71310992,29,55,58,79,696,27,79,59,98,608
35,70,36,45,36.138622,30,56,56,78,572,27,79,59,98,608
67,38,43,37,29.61418579,30,53,57,75,594,24,78,60,100,792
34,67,40,45,33.37663854,27,56,54,78,594,20,80,48,96,448
67,32,42,37,35.35533906,28,53,62,81,952,24,75,61,97,814
69,36,46,39,33.73425559,29,56,57,79,644,24,75,61,97,814
69,36,46,39,33.73425559,28,55,53,76,525,21,81,49,98,476
64,31,46,39,33.73425559,23,56,53,81,750,19,82,45,98,416
35,66,40,42,31.06444913,31,53,58,75,594,27,78,61,98,680
35,68,39,44,33.37663854,30,54,58,77,644,27,78,61,98,680
35,67,39,44,32.38826948,28,54,58,79,750,25,81,55,99,540
35,67,39,44,32.38826948,31,56,57,78,572,27,80,57,98,540
34,67,41,47,33.54101966,28,58,52,78,480,27,80,57,98,540
34,67,41,47,33.54101966,29,56,56,78,594,27,80,57,98,540
35,67,36,44,32.984845,30,54,54,74,480,24,79,57,99,660
32,67,37,42,35.35533906,28,54,63,83,1015,25,76,60,97,735
34,67,36,45,34.20526275,29,54,54,74,500,23,79,54,98,589
35,67,35,46,33.83784863,30,55,53,74,437,23,79,55,98,608
36,69,39,45,33.54101966,30,54,54,74,480,22,79,55,99,660
36,68,40,45,32.38826948,28,53,55,76,621,23,80,53,98,540
36,68,40,45,32.38826948,31,55,56,76,525,26,79,58,98,608
37,67,36,43,30.8058436,31,55,56,76,525,21,77,58,99,814
37,67,36,43,30.8058436,28,54,58,79,750,21,77,58,99,814
37,67,36,43,30.8058436,30,52,58,76,672,23,78,58,99,735
35,68,41,41,33,30,54,56,76,572,31,82,59,99,476
67,34,41,43,33.06055051,30,55,60,80,750,31,82,59,99,476
33,67,38,43,34.36568055,29,54,64,83,1015,31,82,59,99,476
33,67,38,43,34.36568055,28,55,57,79,696,30,82,58,99,476
33,67,38,43,34.36568055,27,55,56,79,696,26,82,54,98,448
36,67,38,45,31.78049716,30,56,51,74,378,24,78,57,98,660
37,71,39,46,34.71310992,29,56,58,80,696,24,78,57,98,660
36,68,39,45,32.55764119,30,55,55,75,500,23,80,54,98,558
34,66,38,44,32.55764119,28,54,52,74,480,23,81,52,98,493
33,65,41,40,32.01562119,33,50,64,75,775,29,68,68,91,897
68,34,41,37,34.23448554,34,48,68,77,986,29,68,68,91,897
68,33,42,35,35.6931366,34,48,68,77,986,28,73,68,97,960
30,68,32,35,38.11823711,37,50,63,71,546,25,69,64,92,897
33,65,40,43,32.14031736,31,54,62,80,806,26,76,62,97,756
30,64,38,38,34,33,50,59,72,572,26,76,62,97,756
30,66,37,33,36.22154055,29,45,64,74,1015,29,71,70,95,984
68,33,42,35,35.6931366,29,45,64,74,1015,28,73,68,97,960
30,66,36,37,36.01388621,34,49,62,72,644,28,69,69,93,984
65,30,38,40,35.05709629,34,53,62,76,644,28,72,68,96,960
29,69,36,37,40.01249805,29,52,58,76,696,30,82,58,98,448
34,70,36,38,36.05551275,41,55,67,76,546,30,74,67,96,814
34,70,36,38,36.05551275,41,55,67,76,546,30,74,67,96,814
28,67,39,40,39.01281841,33,57,60,80,621,30,81,59,98,493
33,67,37,37,34,32,48,63,74,806,30,69,67,91,814
34,65,39,42,31.144823,30,54,63,81,891,26,74,64,97,874
32,64,38,36,32.06243908,35,51,59,71,480,32,72,64,91,608
31,66,39,39,35,34,52,62,76,672,29,75,64,96,735
31,66,40,36,35.22782991,34,50,62,73,644,29,75,64,96,735
34,67,40,42,33.06055051,34,50,62,73,644,35,79,66,97,558
66,31,35,35,35,31,47,67,77,1080,35,79,66,97,558
32,69,37,39,37.05401463,44,57,67,76,437,29,72,72,97,1075
32,69,37,39,37.05401463,30,47,67,77,1110,29,72,72,97,1075
32,69,37,39,37.05401463,31,48,67,78,1080,29,72,72,97,1075
29,64,37,38,35.0142828,32,51,64,77,832,29,72,72,97,1075
32,67,37,38,35.0142828,35,52,66,78,806,29,72,72,97,1075
71,29,37,35,42.04759208,28,48,65,78,1110,28,79,59,98,589
33,66,40,43,33.13608305,30,53,63,80,891,25,75,62,97,814
30,68,38,37,38.01315562,33,53,68,82,1015,25,75,62,97,814
29,66,39,37,37.05401463,33,54,66,81,891,25,75,62,97,814
31,67,38,36,36.05551275,32,53,65,80,891,25,75,62,97,814
67,32,37,40,35.12833614,34,54,66,81,864,35,82,63,98,448
32,65,39,37,33.06055051,34,54,64,79,750,35,82,63,98,448
67,31,36,37,36.01388621,33,52,65,78,832,35,82,63,98,448
31,67,38,36,36.05551275,36,54,67,80,806,35,82,63,98,448
30,70,37,36,40.01249805,35,53,68,81,924,26,59,81,92,1815
31,68,39,38,37.01351105,34,52,67,79,891,26,59,81,92,1815
31,70,38,38,39,35,52,69,80,952,26,59,81,92,1815
33,64,39,42,31.144823,29,53,62,80,891,24,73,64,97,960
30,69,37,36,39.01281841,29,53,62,80,891,24,73,64,97,960
30,69,37,36,39.01281841,29,53,62,80,891,32,82,61,99,493
30,68,39,37,38.05259518,33,53,68,82,1015,32,82,61,99,493
30,69,39,37,39.05124838,33,52,68,81,1015,31,80,62,99,589
31,67,40,39,36.01388621,32,53,66,81,952,32,82,60,99,476
67,31,37,39,36.05551275,33,53,68,82,1015,32,82,60,99,476
32,69,39,36,37.12142239,34,52,68,80,952,32,81,62,99,540
30,69,37,37,39,31,52,68,82,1110,32,81,62,99,540
30,67,38,37,37.01351105,32,53,67,82,1015,32,81,62,99,540
31,67,39,38,36.01388621,32,53,66,82,986,32,83,59,99,432
33,64,39,42,31.144823,28,52,61,79,891,24,72,63,95,897
31,68,38,36,37.05401463,33,52,68,81,1015,31,80,62,98,558
69,32,35,38,37.12142239,32,51,69,82,1147,28,80,59,99,589
68,30,36,36,38,31,51,67,81,1080,28,80,59,99,589
29,67,36,36,38,34,53,67,80,891,28,80,59,99,589
28,67,37,36,39.01281841,34,53,67,80,891,28,80,59,99,589
29,67,37,36,38.01315562,34,53,67,80,891,34,82,62,99,476
29,67,38,38,38,34,54,67,81,891,31,82,59,99,476
67,30,37,38,37.01351105,32,52,67,81,1015,31,82,59,99,476
30,68,38,37,38.01315562,35,53,68,80,891,31,82,59,99,476
29,69,36,35,40.01249805,35,53,70,82,1015,31,82,59,99,476
31,63,35,42,32.75667871,27,51,59,77,832,25,75,62,97,814
29,67,38,37,38.01315562,34,53,67,81,924,25,75,62,97,814
29,68,36,36,39,34,53,67,80,891,30,82,58,98,448
28,66,37,35,38.05259518,36,53,69,80,891,34,82,63,99,493
26,66,37,36,40.01249805,34,52,67,80,924,26,61,74,90,1392
26,66,35,35,40,33,52,68,81,1015,32,82,60,99,476
26,63,36,35,37.01351105,33,52,68,81,1015,32,82,60,99,476
28,65,38,37,37.01351105,32,51,68,81,1080,32,82,60,99,476
68,28,36,35,40.01249805,31,49,67,79,1080,28,81,57,99,522
28,66,36,37,38.01315562,33,54,65,80,832,28,81,57,98,493
28,68,37,37,40,33,54,69,84,1080,28,81,57,98,493
32,65,37,41,33.24154028,26,50,60,78,952,23,73,62,96,897
33,72,38,36,39.05124838,37,53,72,82,1015,33,81,62,99,522
29,65,34,37,36.12478374,29,49,66,79,1110,31,78,63,97,608
28,68,35,37,40.04996879,30,51,67,81,1110,30,82,57,98,432
69,30,38,36,39.05124838,32,51,68,81,1080,30,82,58,99,476
31,65,37,39,34.05877273,37,55,61,75,480,25,74,63,97,874
66,31,36,39,35.12833614,35,54,64,78,696,25,74,63,97,874
28,63,37,38,35.0142828,35,54,64,78,696,32,82,59,98,432
29,66,37,37,37,34,54,66,81,864,22,58,79,92,1938
28,65,37,38,37.01351105,37,55,64,77,594,30,81,59,98,493
33,70,38,39,37.01351105,31,50,68,81,1147,30,81,60,99,540
33,70,38,39,37.01351105,27,49,59,76,864,23,73,62,96,897
33,70,37,39,37.05401463,31,50,68,80,1110,30,80,60,98,540
71,31,39,37,40.04996879,31,49,68,80,1147,29,80,59,98,540
32,71,36,39,39.11521443,30,49,68,80,1178,29,80,59,98,540
32,70,36,37,38.01315562,32,50,68,80,1080,29,80,59,98,540
66,30,37,38,36.01388621,34,54,64,79,750,29,80,59,98,540
33,66,38,37,33.01514804,36,54,65,78,696,29,80,59,98,540
68,33,37,38,35.0142828,35,54,64,78,696,29,80,59,98,540
67,32,37,38,35.0142828,36,55,65,79,696,29,80,59,98,540
29,65,37,36,36.01388621,38,56,63,77,525,29,80,59,98,540
31,67,38,36,36.05551275,35,53,67,79,832,29,80,59,98,540
31,67,38,36,36.05551275,35,53,67,79,832,17,78,50,98,660
66,28,37,37,38,35,55,67,81,832,17,78,50,98,660
29,69,36,36,40,35,53,68,80,891,34,82,62,99,476
29,69,36,36,40,34,53,65,79,806,32,81,61,98,493
33,68,37,40,35.12833614,32,51,67,80,1015,32,81,61,98,493
30,65,37,40,35.12833614,31,53,61,78,750,29,77,62,96,627
66,28,35,38,38.11823711,33,53,66,80,891,29,77,62,96,627
66,28,35,38,38.11823711,33,53,66,80,891,28,66,76,95,1392
29,68,37,35,39.05124838,31,51,67,81,1080,28,66,76,95,1392
31,67,37,36,36.01388621,42,56,65,75,437,34,82,62,98,448
68,26,33,35,42.04759208,42,60,73,86,806,29,65,78,94,1421
68,26,33,35,42.04759208,26,53,58,80,864,22,73,60,96,874
26,69,36,35,43.01162634,26,53,58,80,864,22,73,60,96,874
29,65,36,36,36,36,54,61,74,500,28,78,59,97,589
67,30,36,37,37.01351105,31,53,66,82,1015,15,60,79,98,2432
27,68,34,35,41.01219331,31,51,68,82,1147,15,60,79,98,2432
31,66,40,39,35.0142828,33,54,65,80,832,15,60,79,98,2432
31,66,40,39,35.0142828,30,50,72,85,1470,15,60,79,98,2432
31,66,40,39,35.0142828,30,50,72,85,1470,15,60,79,98,2432
29,68,36,39,39.11521443,30,51,66,81,1080,15,60,79,98,2432
26,72,36,34,46.04345773,33,57,71,89,1216,23,63,81,97,1972
28,64,38,36,36.05551275,38,57,63,78,525,31,82,59,99,476
60,30,43,38,30.41381265,25,52,57,79,864,20,73,58,95,836
30,67,39,35,37.21558813,34,53,68,81,952,20,73,58,95,836
67,38,33,33,29,39,46,70,72,806,36,73,68,92,608
66,29,36,38,37.05401463,34,53,67,80,891,36,73,68,92,608
66,30,35,37,36.05551275,34,52,67,79,891,35,82,63,98,448
29,65,38,37,36.01388621,35,54,64,78,696,18,63,75,97,1938
31,67,38,36,36.05551275,36,54,65,78,696,18,63,75,97,1938
31,67,38,36,36.05551275,36,54,65,78,696,28,65,80,96,1612
32,67,37,37,35,37,52,67,77,750,28,65,80,96,1612
32,67,33,33,35,37,52,67,77,750,34,77,65,96,589
27,67,33,33,40,36,52,67,78,806,31,63,64,83,660
64,54,38,36,10.19803903,27,50,58,76,806,19,63,73,95,1728
29,65,37,38,36.01388621,34,53,66,79,832,26,60,73,88,1316
30,66,37,38,36.01388621,36,54,65,78,696,26,60,73,88,1316
30,65,38,38,35,35,54,67,80,832,26,59,79,90,1643
66,28,36,36,38,35,53,66,79,806,32,63,69,85,814
30,65,37,38,35.0142828,34,54,65,80,806,30,82,58,99,476
31,65,39,40,34.0147027,37,55,65,78,644,31,82,59,99,476
31,67,38,39,36.01388621,34,54,65,80,806,20,61,79,96,2065
30,67,38,38,37,32,51,66,79,952,20,61,79,96,2065
31,68,34,35,37.01351105,32,48,67,77,1015,28,79,60,98,608
30,66,37,39,36.05551275,35,54,65,78,720,28,79,60,98,608
29,71,35,39,42.19004622,27,49,66,81,1248,30,82,58,99,476
34,68,40,44,34.23448554,29,54,63,82,952,30,82,58,99,476
67,32,35,34,35.0142828,32,49,65,77,924,29,81,57,98,476
68,33,40,37,35.12833614,36,53,68,79,832,36,83,62,99,416
67,29,38,37,38.01315562,34,52,68,80,952,36,83,62,99,416
28,68,37,39,40.04996879,33,52,68,81,1015,36,83,62,99,416
66,29,36,36,37,34,51,68,79,952,27,79,58,98,589
30,64,37,38,34.0147027,35,53,68,80,891,27,80,58,98,558
29,64,36,39,35.12833614,34,52,66,79,864,27,80,58,98,558
28,64,37,39,36.05551275,34,53,65,79,806,27,79,57,97,540
30,69,37,39,39.05124838,35,53,68,80,891,28,80,58,98,540
27,66,36,37,39.01281841,33,52,68,81,1015,28,80,58,98,540
31,61,38,39,30.01666204,26,50,61,79,1015,26,74,62,95,756
31,66,37,39,35.05709629,34,53,66,80,864,27,77,62,98,735
27,64,37,38,37.01351105,30,52,66,82,1080,27,81,55,98,476
29,67,37,37,38,31,52,66,81,1015,28,80,58,98,540
30,67,39,40,37.01351105,32,53,67,82,1015,39,65,65,80,390
30,66,37,36,36.01388621,34,52,65,78,806,39,65,65,80,390
30,67,38,38,37,34,53,66,80,864,31,66,64,86,660
31,66,40,39,35.0142828,34,52,65,77,775,31,66,64,86,660
29,65,38,38,36,36,54,63,76,594,31,66,64,86,660
30,67,38,37,37.01351105,36,54,67,79,775,31,66,64,86,660
33,67,38,38,34,37,55,66,79,696,31,66,64,86,660
63,32,37,38,31.01612484,28,50,62,79,986,30,77,63,97,660
31,68,37,40,37.12142239,32,52,63,78,806,29,77,62,97,660
30,71,35,38,41.10960958,27,48,67,82,1360,32,81,60,98,476
30,68,37,41,38.20994635,29,52,63,81,986,29,80,59,98,540
34,70,38,40,36.05551275,33,50,67,78,952,24,68,70,95,1242
67,33,39,38,34.0147027,32,50,64,77,864,24,68,70,95,1242
37,71,36,36,34,33,47,69,77,1080,24,68,70,95,1242
33,68,34,40,35.51056181,35,51,62,73,594,27,73,66,96,897
31,69,34,40,38.47076812,34,54,61,76,594,28,78,62,99,714
32,66,36,39,34.13209633,29,48,64,77,1015,22,69,66,95,1144
34,68,35,40,34.36568055,29,47,66,78,1147,28,75,64,97,792
33,63,39,38,30.01666204,29,49,63,77,952,30,73,64,94,714
71,30,40,36,41.19465985,29,49,63,77,952,30,83,57,99,432
68,30,40,39,38.01315562,31,53,66,82,1015,29,81,58,98,493
33,72,36,37,39.01281841,33,51,69,81,1080,29,81,58,98,493
31,69,39,39,38,31,53,67,83,1080,31,82,59,99,476
31,69,39,39,38,30,53,66,83,1080,31,82,59,99,476
32,68,38,38,36,37,56,64,78,594,31,81,59,97,448
67,31,39,36,36.12478374,31,51,66,80,1015,29,81,59,99,540
29,67,36,39,38.11823711,30,50,66,80,1080,29,81,58,98,493
33,72,36,38,39.05124838,30,50,66,80,1080,32,80,62,98,540
30,69,35,40,39.3192065,32,53,62,78,750,29,80,61,99,608
33,63,37,37,30,30,49,63,77,924,30,73,66,94,756
69,29,38,35,40.11234224,33,53,63,78,750,27,77,60,97,660
31,71,37,39,40.04996879,31,51,67,81,1080,30,80,60,98,540
64,31,38,40,33.06055051,39,59,61,77,396,33,82,60,98,432
28,66,35,33,38.05259518,39,55,66,78,621,33,82,60,98,432
67,29,33,36,38.11823711,35,54,67,81,864,33,82,60,98,432
67,30,35,37,37.05401463,37,55,66,79,696,31,82,59,98,448
32,68,37,34,36.12478374,37,54,68,80,806,33,82,60,98,432
29,67,35,35,38,35,54,66,80,806,31,83,58,99,432
31,68,36,35,37.01351105,39,56,66,78,594,31,83,58,99,432
28,65,36,36,37,35,53,66,79,806,32,83,59,99,432
28,65,36,36,37,30,52,64,80,952,32,79,63,97,558
28,65,36,36,37,35,49,59,69,480,26,71,59,91,660
33,69,36,39,36.12478374,35,49,59,69,480,27,80,57,98,540
30,69,36,40,39.20459157,29,50,65,80,1080,27,80,57,98,540
71,37,40,35,34.36568055,33,55,63,80,750,27,80,57,98,540
33,68,35,40,35.35533906,35,50,63,73,644,27,72,64,94,814
31,69,38,40,38.05259518,30,52,65,81,1015,28,82,56,98,448
68,31,40,39,37.01351105,31,53,64,80,891,28,82,56,98,448
66,31,38,38,35,32,53,65,80,891,28,82,56,98,448
30,66,39,38,36.01388621,33,54,65,80,832,28,82,56,98,448
30,66,39,38,36.01388621,33,54,64,80,806,30,82,58,99,476
30,66,39,38,36.01388621,29,50,62,77,891,29,74,65,95,756
29,65,39,38,36.01388621,33,55,65,81,832,31,82,59,99,476
32,68,39,39,36,34,54,65,80,806,31,82,59,99,476
24,69,36,36,45,34,54,65,80,806,24,62,82,96,1972
30,61,38,39,31.01612484,37,56,64,78,594,34,83,61,99,432
30,68,38,42,38.20994635,30,52,64,80,952,34,83,61,99,432
32,68,37,39,36.05551275,30,50,67,80,1110,34,83,61,99,432
29,68,35,38,39.11521443,28,50,65,81,1147,26,83,53,99,432
32,70,36,37,38.01315562,31,51,67,81,1080,32,82,60,99,476
32,71,38,37,39.01281841,32,53,66,81,952,30,82,58,98,448
31,67,39,38,36.01388621,30,53,65,82,1015,30,82,58,98,448
65,30,45,31,37.69615365,29,54,64,83,1015,26,80,57,99,589
33,68,38,37,35.0142828,33,52,65,79,864,26,80,57,99,589
33,67,38,37,34.0147027,33,51,65,77,832,26,80,57,99,589
33,66,39,38,33.01514804,35,53,64,77,696,28,76,63,97,735
69,32,39,39,37,33,53,66,80,891,25,71,69,98,1188
68,31,38,39,37.01351105,32,52,67,81,1015,17,60,80,98,2394
32,73,34,37,41.10960958,27,49,72,86,1665,27,73,69,98,1050
31,68,37,40,37.12142239,27,49,72,86,1665,15,59,77,96,2294
34,71,38,40,37.05401463,32,52,68,82,1080,22,59,78,92,1848
30,64,39,37,34.05877273,34,53,64,78,750,22,59,78,92,1848
33,67,36,38,34.05877273,32,48,66,76,952,22,59,78,92,1848
33,67,36,38,34.05877273,29,53,65,83,1080,27,75,65,98,874
67,34,37,35,33.06055051,31,47,66,76,1015,27,75,65,98,874
68,31,38,35,37.12142239,28,48,66,80,1216,27,75,65,98,874
34,67,36,38,33.06055051,31,48,66,77,1015,26,70,68,95,1050
29,65,38,37,36.01388621,33,54,65,80,832,26,60,73,88,1316
70,32,41,39,38.05259518,32,51,66,79,952,26,60,73,88,1316
31,66,39,39,35,35,53,64,77,696,26,60,73,88,1316
31,66,40,39,35.0142828,33,54,66,81,891,20,57,82,94,2294
31,67,40,41,36.01388621,31,52,65,80,952,20,57,82,94,2294
31,67,39,40,36.01388621,31,52,65,81,986,20,57,82,94,2294
32,65,39,39,33,31,50,63,77,864,20,57,82,94,2294
32,66,39,42,34.13209633,29,55,66,85,1110,20,57,82,94,2294
71,35,38,37,36.01388621,32,50,68,80,1080,20,57,82,94,2294
30,68,37,36,38.01315562,29,51,69,84,1320,20,57,82,94,2294
30,67,37,36,37.01351105,31,51,67,81,1080,20,57,82,94,2294
68,31,37,39,37.05401463,31,52,66,81,1015,20,57,82,94,2294
69,32,39,38,37.01351105,31,52,65,80,952,20,57,82,94,2294
69,32,39,38,37.01351105,37,55,66,79,696,34,82,61,98,432
29,64,37,38,35.0142828,32,53,66,81,952,34,82,61,98,432
31,69,39,40,38.01315562,32,53,68,83,1080,34,82,61,98,432
29,67,38,40,38.05259518,31,53,65,81,952,34,82,61,98,432
30,67,39,38,37.01351105,34,55,66,82,864,19,60,81,97,2294
32,69,37,40,37.12142239,30,50,64,78,952,30,79,61,97,558
32,68,38,40,36.05551275,29,52,68,84,1248,30,79,61,97,558
29,66,37,37,37,32,53,65,81,924,30,79,61,97,558
28,64,37,37,36,31,53,63,80,864,30,79,61,97,558
30,66,37,37,36,33,53,68,82,1015,30,79,61,97,558
33,68,38,38,35,32,50,65,78,924,30,79,61,97,558
31,67,38,37,36.01388621,34,53,66,79,832,30,79,61,97,558
29,67,37,35,38.05259518,34,53,68,81,952,30,79,61,97,558
30,66,38,38,36,35,53,67,80,864,30,79,61,97,558
30,65,38,36,35.05709629,38,54,68,79,750,30,79,61,97,558
29,65,36,36,36,37,53,67,78,750,30,79,61,97,558
29,66,37,35,37.05401463,37,53,69,79,832,30,79,61,97,558
32,68,38,40,36.05551275,30,53,68,85,1216,30,80,61,98,558
29,68,37,35,39.05124838,37,53,66,77,696,30,80,61,98,558
30,66,36,35,36.01388621,38,54,65,77,621,30,80,61,98,558
30,68,36,35,38.01315562,39,54,68,78,696,30,76,66,98,792
34,67,36,35,33.01514804,35,49,71,79,1080,35,79,66,97,558
27,63,37,36,36.01388621,33,53,65,79,832,28,79,60,98,608
30,65,37,36,35.0142828,35,52,67,78,832,31,80,61,98,540
36,69,38,39,33.01514804,35,52,67,78,832,27,69,71,95,1144
34,67,38,41,33.13608305,34,51,67,78,891,27,69,71,95,1144
67,29,36,34,38.05259518,31,51,69,82,1178,27,69,71,95,1144
71,31,36,34,40.04996879,31,51,69,82,1178,31,77,66,98,735
30,66,38,41,36.12478374,28,53,64,83,1080,25,74,65,98,960
70,29,37,36,41.01219331,33,53,65,80,864,27,76,63,97,756
72,28,36,35,44.01136217,31,52,68,83,1147,27,76,63,97,756
31,68,37,37,37,30,49,67,80,1147,28,76,63,97,735
31,65,38,38,34,37,54,61,74,480,27,74,63,95,756
32,66,38,37,34.0147027,37,54,61,74,480,29,77,63,97,680
68,34,36,36,34,35,52,66,78,806,29,77,63,97,680
29,65,39,36,36.12478374,33,53,66,80,891,29,80,60,98,558
32,64,38,36,32.06243908,39,54,66,76,594,34,80,65,98,558
28,65,37,36,37.01351105,35,54,65,79,750,34,80,65,98,558
30,65,38,37,35.0142828,37,54,67,78,720,34,80,65,98,558
31,67,38,42,36.22154055,30,53,65,82,1015,27,74,66,97,897
69,34,40,39,35.0142828,40,55,68,78,644,27,74,66,97,897
28,67,36,36,39,36,53,66,78,750,32,81,61,98,493
28,67,36,36,39,31,48,67,78,1080,24,68,73,97,1421
26,68,38,36,42.04759208,29,50,67,82,1216,24,68,73,97,1421
26,68,38,36,42.04759208,33,54,66,81,891,32,73,69,95,814
62,27,35,40,35.35533906,36,56,59,75,437,26,73,64,96,874
66,31,36,40,35.22782991,30,54,70,87,1320,29,74,69,98,960
31,67,36,36,36,31,48,61,73,750,27,71,68,96,1025
32,67,39,38,35.0142828,33,51,60,74,621,28,75,64,97,792
32,67,37,37,35,34,50,62,73,644,29,74,66,96,814
31,66,38,42,35.22782991,27,52,63,81,1044,25,76,62,98,814
69,33,37,38,36.01388621,32,51,64,78,864,25,76,62,98,814
67,32,37,38,35.0142828,32,51,62,76,750,30,78,63,98,660
67,32,37,38,35.0142828,32,52,62,77,750,29,78,62,98,660
67,32,37,38,35.0142828,32,52,62,77,750,31,79,62,98,589
67,32,37,38,35.0142828,32,51,62,76,750,31,80,61,98,540
67,32,37,38,35.0142828,30,47,63,74,891,25,71,65,95,960
68,31,36,35,37.01351105,30,48,62,75,864,25,71,65,95,960
68,31,36,35,37.01351105,29,48,63,76,952,27,73,68,97,984
31,67,38,36,36.05551275,29,49,63,77,952,26,73,65,96,897
31,67,38,36,36.05551275,29,49,61,76,864,25,70,67,95,1050
65,34,43,38,31.40063694,28,51,61,78,891,23,72,64,96,984
30,66,37,37,36,29,48,62,76,924,23,72,64,96,984
30,66,38,36,36.05551275,29,49,62,76,891,23,72,64,96,984
31,64,37,36,33.01514804,31,48,59,71,644,26,69,67,94,1025
30,64,36,34,34.05877273,30,47,59,71,696,25,68,67,93,1050
67,31,35,34,36.01388621,31,47,63,73,832,25,68,67,93,1050
68,32,34,35,36.01388621,30,47,64,75,952,25,68,67,93,1050
31,67,35,35,36,30,47,62,74,864,26,70,69,96,1118
31,65,39,38,34.0147027,31,49,61,74,750,26,70,69,96,1118
32,66,38,36,34.05877273,33,50,61,73,644,27,70,68,95,1025
32,66,38,36,34.05877273,33,50,62,74,696,29,70,70,94,984
31,65,37,42,34.36568055,25,51,61,81,1080,29,70,70,94,984
31,66,40,38,35.05709629,31,50,61,75,750,28,72,66,95,874
31,66,40,38,35.05709629,31,50,61,75,750,27,72,66,95,897
31,66,40,38,35.05709629,32,50,60,74,672,28,71,68,95,960
32,66,39,39,34,32,50,60,74,672,28,71,68,95,960
31,65,39,38,34.0147027,31,50,62,75,775,28,73,66,95,836
31,65,39,38,34.0147027,31,50,62,75,775,28,72,67,96,936
31,66,39,39,35,31,50,61,75,750,28,73,66,95,836
31,66,39,39,35,30,49,60,74,750,28,73,66,95,836
31,65,40,36,34.23448554,31,50,63,76,832,28,73,66,95,836
67,31,37,41,36.22154055,32,50,63,76,806,31,77,64,97,660
67,31,37,41,36.22154055,27,51,60,79,924,21,70,65,96,1144
31,67,39,37,36.05551275,33,49,62,73,696,31,74,68,96,814
64,31,36,42,33.54101966,32,50,61,74,696,31,75,67,96,756
64,31,38,41,33.13608305,33,50,61,73,644,31,73,70,96,897
65,30,38,40,35.05709629,31,50,62,75,775,31,73,70,96,897
30,66,39,35,36.22154055,31,49,61,74,750,31,75,68,97,814
29,65,40,35,36.34556369,31,49,62,75,806,31,75,68,97,814
29,65,40,35,36.34556369,30,49,62,75,832,30,74,68,97,874
64,32,37,41,32.24903099,32,51,60,74,644,31,74,69,97,874
66,31,37,41,35.22782991,32,50,61,74,696,31,74,69,97,874
65,31,36,41,34.36568055,31,50,62,75,775,32,77,66,98,714
64,33,42,37,31.40063694,27,51,60,79,924,32,77,66,98,714
66,31,37,40,35.12833614,33,49,63,74,750,31,74,68,96,814
32,68,38,37,36.01388621,33,48,65,75,864,31,74,68,96,814
30,68,37,40,38.11823711,32,48,64,74,832,30,77,64,97,680
33,69,38,39,36.01388621,34,48,67,75,891,30,77,64,97,680
33,69,38,39,36.01388621,34,47,66,74,864,29,74,68,97,897
70,33,38,37,37.01351105,32,48,66,77,986,30,78,63,98,660
70,33,38,37,37.01351105,32,49,64,75,832,31,78,63,97,608
70,33,38,37,37.01351105,33,49,62,73,696,26,73,66,97,960
69,32,38,39,37.01351105,32,48,64,74,832,28,75,67,99,936
69,32,38,39,37.01351105,33,47,62,71,696,26,69,73,97,1316
33,66,36,34,33.06055051,29,43,69,77,1360,29,70,68,93,897
33,66,36,34,33.06055051,32,48,63,74,806,25,72,68,98,1118
33,69,39,39,36,33,49,64,75,806,25,72,68,98,1118
34,69,38,38,35,32,48,64,75,864,25,72,68,98,1118
32,70,37,38,38.01315562,31,49,64,76,891,28,80,59,98,558
33,66,39,37,33.06055051,32,48,60,72,672,27,73,65,96,874
33,69,39,39,36,34,50,64,75,750,30,76,64,96,680
35,66,40,38,31.06444913,35,49,61,71,572,29,72,67,95,874
33,66,39,38,33.01514804,34,49,61,71,594,28,72,67,95,897
34,66,39,38,32.01562119,34,50,62,74,672,29,74,66,96,814
32,66,37,37,34,32,48,62,73,750,29,74,67,97,874
33,64,35,40,31.40063694,26,48,63,79,1147,26,73,64,96,874
32,68,35,34,36.01388621,30,43,70,76,1320,29,70,69,94,960
66,35,39,41,31.06444913,35,51,62,73,594,30,76,64,97,714
67,34,40,41,33.01514804,33,51,63,76,750,31,78,62,97,589
34,67,39,38,33.01514804,35,51,61,73,572,30,76,65,97,735
34,69,41,39,35.05709629,34,51,63,75,696,31,77,63,96,608
67,35,40,40,32,35,51,61,73,572,31,75,65,95,680
67,35,39,40,32.01562119,35,51,61,73,572,31,76,64,96,660
34,67,38,38,33,34,49,62,72,644,29,74,65,95,756
34,67,39,39,33,33,49,62,73,696,30,73,67,95,814
67,36,38,40,31.06444913,33,49,62,73,696,29,74,65,96,792
67,36,38,40,31.06444913,34,49,62,72,644,29,73,65,95,792
31,68,32,31,37.01351105,28,41,71,76,1505,29,73,65,95,792
34,67,37,37,33,34,49,62,72,644,30,73,67,95,814
34,67,37,37,33,34,50,63,74,696,29,73,68,96,897
67,30,38,40,37.05401463,30,49,62,76,864,27,74,65,97,874
30,65,35,34,35.0142828,30,48,60,72,720,25,71,65,95,960
30,65,35,34,35.0142828,32,51,62,76,750,29,75,67,97,836
30,65,35,34,35.0142828,31,51,63,77,832,30,77,63,97,660
31,67,37,36,36.01388621,32,49,61,73,696,28,72,68,96,960
33,69,37,35,36.05551275,32,48,63,74,806,29,72,69,96,960
33,68,38,38,35,32,49,64,76,864,29,75,66,97,814
34,69,39,38,35.0142828,33,50,64,75,775,32,75,68,96,756
67,31,30,32,36.05551275,26,39,70,76,1628,32,75,68,96,756
67,31,30,32,36.05551275,32,48,62,73,750,29,73,66,95,814
33,67,37,37,34,32,48,62,72,720,29,73,66,95,814
32,67,39,36,35.12833614,31,48,62,73,775,28,72,67,95,897
34,67,36,36,33,33,48,63,73,750,28,72,67,95,897
34,67,36,36,33,31,47,63,74,864,28,71,68,95,960
31,65,36,34,34.05877273,31,47,61,71,720,28,71,68,95,960
32,67,36,35,35.0142828,31,47,62,73,806,27,71,68,95,984
32,64,38,37,32.01562119,31,48,60,72,696,26,70,66,94,960
29,66,37,36,37.01351105,28,49,61,76,891,28,76,63,97,735
35,67,39,36,32.14031736,32,49,63,75,806,30,72,68,95,874
34,68,34,32,34.05877273,29,40,72,76,1548,29,68,71,93,1050
34,66,39,35,32.24903099,33,48,63,73,750,29,70,70,94,984
30,68,36,34,38.05259518,31,49,63,76,864,29,70,70,94,984
32,68,37,35,36.05551275,32,48,64,74,832,29,73,67,96,874
34,67,36,34,33.06055051,34,47,63,71,696,29,70,69,94,960
34,67,38,37,33.01514804,34,49,63,73,696,29,70,69,94,960
34,67,38,37,33.01514804,32,48,64,74,832,29,70,69,94,960
66,30,37,42,36.34556369,32,51,63,76,775,32,75,69,97,814
67,31,37,42,36.34556369,31,50,63,77,864,34,76,69,97,735
30,64,42,34,34.92849839,32,50,61,74,696,34,75,71,97,814
29,63,43,34,35.17101079,30,48,62,75,864,32,73,72,97,960
34,68,35,32,34.13209633,29,42,71,77,1470,30,69,70,93,960
28,68,41,32,41,31,49,68,80,1147,30,69,70,93,960
28,68,42,31,41.48493703,31,48,69,79,1178,30,69,70,93,960
29,65,40,32,36.87817783,31,46,63,73,864,33,71,74,96,1025
31,66,40,30,36.40054945,33,46,65,72,832,34,71,76,96,1050
31,66,40,31,36.138622,34,47,64,72,750,35,71,76,96,1025
31,66,40,31,36.138622,33,46,64,72,806,35,72,75,96,960
30,63,40,31,34.20526275,32,47,62,72,750,33,71,73,95,960
31,65,41,31,35.44009029,32,46,63,72,806,35,71,75,95,960
30,64,41,33,34.92849839,31,47,61,72,750,33,71,73,95,960
29,66,41,32,38.07886553,30,48,64,77,986,35,76,71,98,792
34,69,34,33,35.0142828,31,43,71,76,1320,29,69,71,94,1050
26,64,41,32,39.05124838,28,48,64,78,1080,36,77,71,98,735
28,65,40,33,37.65634077,31,48,64,75,891,34,75,72,98,874
27,64,41,32,38.07886553,30,48,63,75,891,34,75,71,97,814
28,65,41,33,37.85498646,32,49,63,75,806,33,74,72,97,897
28,64,42,35,36.67424164,31,49,62,75,806,35,75,70,96,735
28,64,42,35,36.67424164,31,49,62,75,806,35,75,70,96,735
28,65,42,34,37.85498646,30,49,64,77,952,36,77,70,98,714
28,66,43,34,39.05124838,30,51,64,80,986,37,79,70,98,627
30,64,42,34,34.92849839,32,49,61,73,696,34,74,71,96,814
28,66,39,33,38.47076812,32,48,63,74,806,32,72,75,98,1118
69,34,33,34,35.0142828,31,42,71,76,1360,30,69,71,93,984
28,65,40,33,37.65634077,30,48,62,75,864,31,72,74,98,1118
30,67,40,31,38.07886553,31,47,66,76,1015,38,78,72,98,680
29,64,41,33,35.90264614,29,48,64,77,1015,33,75,71,98,874
26,65,41,34,39.62322551,29,49,63,77,952,36,78,70,98,680
28,65,41,33,37.85498646,28,48,63,77,1015,35,77,71,98,756
28,66,40,32,38.83297568,30,48,65,77,1015,33,75,72,98,897
28,66,40,32,38.83297568,32,48,64,74,832,34,73,73,96,897
29,65,39,31,36.87817783,32,47,63,73,806,34,73,73,96,897
30,66,41,32,37.10795063,32,48,65,75,891,37,76,72,97,735
28,65,41,33,37.85498646,30,48,64,76,952,34,74,71,96,814
33,67,36,35,34.0147027,28,42,70,77,1470,30,70,68,93,874
27,65,39,31,38.83297568,29,46,64,75,1015,34,75,71,97,814
27,64,39,32,37.65634077,29,47,62,74,891,32,73,72,97,960
27,65,39,31,38.83297568,29,47,64,76,1015,33,76,69,98,792
27,64,39,32,37.65634077,30,47,62,74,864,32,73,71,96,897
26,64,39,31,38.83297568,28,46,64,76,1080,35,76,70,97,735
65,26,35,42,39.62322551,29,51,64,80,1015,40,81,68,97,448
28,64,42,34,36.87817783,31,50,64,77,891,36,78,70,98,680
29,64,42,34,35.90264614,32,50,63,76,806,35,76,71,97,756
64,29,34,42,35.90264614,33,50,63,75,750,34,73,73,96,897
66,30,33,41,36.87817783,33,49,64,74,775,35,75,73,98,874
35,67,37,34,32.14031736,30,44,71,78,1394,32,71,68,93,792
30,65,41,33,35.90264614,33,48,64,74,806,34,73,74,97,960
28,66,41,34,38.63935817,31,49,64,77,924,36,77,70,97,680
28,65,42,33,38.07886553,29,50,64,79,1015,38,80,69,98,558
30,66,41,34,36.67424164,32,49,64,76,864,35,75,72,97,814
30,66,40,33,36.67424164,32,48,63,74,806,33,72,74,97,1025
29,63,41,34,34.71310992,32,49,61,73,696,30,71,73,97,1118
30,64,42,35,34.71310992,32,49,60,72,644,33,72,71,95,874
30,63,42,34,33.95585369,32,49,60,73,672,34,72,72,95,874
30,64,41,35,34.525353,32,50,62,75,750,32,72,73,96,984
30,63,42,35,33.73425559,32,49,61,73,696,33,72,72,96,936
34,66,37,35,32.06243908,29,43,69,77,1360,30,70,68,92,836
30,63,41,34,33.73425559,32,49,61,73,696,33,72,71,95,874
29,65,41,35,36.49657518,32,49,62,74,750,32,72,73,97,1025
29,63,43,34,35.17101079,32,50,63,75,775,32,72,73,97,1025
30,66,42,35,36.67424164,32,50,64,76,832,36,77,70,97,680
29,65,41,33,36.87817783,31,48,63,75,864,34,75,70,97,792
29,67,40,34,38.47076812,31,48,65,76,952,35,75,72,97,814
30,68,41,34,38.63935817,30,47,67,77,1110,36,78,71,99,735
28,66,41,34,38.63935817,30,47,66,77,1080,34,77,71,99,814
28,66,41,34,38.63935817,28,48,65,79,1147,34,77,71,99,814
29,66,42,35,37.65634077,30,48,64,76,952,37,78,69,97,608
29,66,42,35,37.65634077,27,46,64,77,1147,28,72,67,95,897
33,65,37,34,32.14031736,29,44,67,75,1178,30,70,68,93,874
33,65,37,34,32.14031736,31,49,65,77,952,38,78,71,98,660
30,69,42,33,40.02499219,31,48,67,78,1080,43,81,71,98,476
30,68,41,34,38.63935817,31,49,67,79,1080,38,79,70,98,608
30,67,41,34,37.65634077,31,47,65,75,952,36,76,71,97,735
65,30,37,44,35.6931366,32,50,64,76,832,36,78,69,98,660
30,64,43,36,34.71310992,31,49,62,75,806,34,75,70,96,756
63,29,36,43,34.71310992,30,49,62,75,832,33,76,67,96,680
63,29,35,42,34.71310992,31,48,62,74,806,32,73,70,96,874
26,64,40,34,38.47076812,30,48,61,74,806,31,74,70,97,897
64,28,37,43,36.49657518,29,49,62,77,924,34,78,67,98,660
32,66,35,33,34.05877273,32,49,71,82,1287,37,79,67,97,540
65,30,36,43,35.6931366,30,49,62,75,832,33,76,67,97,714
30,64,43,36,34.71310992,31,50,62,75,775,34,77,67,97,660
30,64,43,36,34.71310992,31,49,63,76,864,33,76,67,97,714
31,67,41,34,36.67424164,31,49,64,76,891,33,74,71,96,836
63,29,36,43,34.71310992,29,49,61,76,864,31,74,68,96,814
29,65,41,35,36.49657518,31,49,62,75,806,35,78,68,98,660
65,31,37,43,34.525353,32,51,64,78,864,36,79,70,99,680
66,29,37,42,37.33630941,31,51,63,78,864,35,80,67,99,608
30,66,41,35,36.49657518,31,50,63,77,864,36,79,69,99,660
65,29,36,41,36.34556369,31,50,61,75,750,31,76,67,97,756
33,67,35,35,34,33,50,70,80,1110,31,76,67,97,756
65,31,36,43,34.71310992,33,51,63,76,750,31,76,67,97,756
65,29,37,43,36.49657518,32,52,62,77,750,33,78,67,98,680
67,29,36,42,38.47076812,31,51,64,78,891,33,78,67,98,680
65,29,36,42,36.49657518,31,50,61,75,750,33,78,66,98,660
63,30,36,42,33.54101966,32,50,60,73,644,32,73,70,96,874
29,63,41,36,34.36568055,31,50,61,75,750,31,75,68,97,814
28,64,40,34,36.49657518,29,49,62,76,891,32,79,64,98,608
30,64,41,34,34.71310992,32,49,62,74,750,32,75,69,97,814
28,67,40,33,39.62322551,30,49,65,78,1015,32,75,69,97,814
28,67,40,33,39.62322551,30,49,65,78,1015,32,75,69,97,814
32,67,38,36,35.05709629,33,52,71,83,1178,36,80,66,98,540
66,30,36,42,36.49657518,32,51,64,77,832,37,80,67,98,540
63,30,37,43,33.54101966,32,53,61,77,696,34,79,66,98,608
65,31,38,44,34.525353,33,52,62,76,696,35,79,68,98,627
66,31,35,43,35.90264614,32,51,63,76,775,35,79,67,98,608
65,29,36,42,36.49657518,32,50,63,75,775,34,78,67,98,660
29,66,41,35,37.48332963,31,49,64,76,891,34,78,68,98,680
66,29,36,41,37.33630941,31,49,63,76,864,33,77,68,98,735
30,66,42,35,36.67424164,31,49,64,76,891,34,79,66,98,608
66,31,36,43,35.6931366,31,50,64,78,924,35,79,68,99,660
65,29,35,41,36.49657518,32,49,62,74,750,33,76,70,98,814
32,66,36,35,34.0147027,32,50,70,82,1216,36,79,67,97,558
32,66,36,35,34.0147027,31,49,64,76,891,34,79,67,99,660
66,29,37,42,37.33630941,31,51,63,77,832,37,81,67,99,540
29,66,42,35,37.65634077,30,50,63,77,891,34,79,67,99,660
29,67,41,35,38.47076812,30,50,64,78,952,37,80,68,98,558
27,66,41,35,39.45883931,29,49,64,78,1015,34,78,68,98,680
65,31,36,42,34.525353,32,50,63,76,806,35,79,67,98,608
31,67,41,35,36.49657518,32,49,63,75,806,34,76,69,97,735
31,66,41,36,35.35533906,33,49,64,74,775,35,77,67,96,608
31,66,41,35,35.51056181,32,50,64,77,864,35,78,67,97,608
67,30,37,43,37.48332963,32,51,64,77,832,38,81,67,99,522
33,66,36,36,33,33,50,70,80,1110,33,75,70,97,814
30,65,41,35,35.51056181,31,50,63,76,832,35,78,67,97,608
66,29,36,42,37.48332963,31,50,63,76,832,35,79,68,98,627
65,28,36,41,37.33630941,29,50,62,77,891,33,79,67,99,680
64,30,37,43,34.525353,30,51,63,78,891,33,79,66,99,660
66,30,36,43,36.67424164,32,51,65,78,891,33,79,66,99,660
66,31,36,43,35.6931366,31,51,64,79,924,38,82,66,98,448
65,29,36,42,36.49657518,31,51,63,77,832,34,78,66,97,608
66,31,34,41,35.6931366,31,49,64,77,924,34,78,68,98,680
30,65,41,34,35.6931366,32,49,63,75,806,34,77,68,97,680
66,31,35,42,35.6931366,32,49,62,74,750,33,76,70,98,814
67,31,35,35,36,32,49,62,74,750,36,81,65,98,493
66,31,35,42,35.6931366,32,49,64,76,864,36,78,69,98,660
65,30,35,42,35.6931366,31,50,63,76,832,35,78,68,98,660
67,30,35,42,37.65634077,32,50,65,78,924,36,80,67,99,589
66,30,36,42,36.49657518,32,50,63,76,806,36,79,68,98,608
29,65,41,35,36.49657518,31,50,62,76,806,35,78,68,97,627
66,30,35,43,36.87817783,32,50,63,76,806,34,78,67,98,660
29,65,42,35,36.67424164,31,50,63,77,864,36,80,67,98,558
65,29,36,43,36.67424164,32,51,64,78,864,36,79,68,98,608
65,31,35,44,35.17101079,32,51,63,77,806,36,79,68,98,608
65,30,36,43,35.6931366,32,51,63,77,806,35,78,69,98,680
67,33,37,37,34,32,52,71,84,1248,34,79,65,97,558
65,30,36,43,35.6931366,32,51,63,77,806,35,79,68,99,660
30,65,42,36,35.51056181,32,51,62,76,750,35,78,67,97,608
65,29,36,42,36.49657518,31,50,62,76,806,34,78,67,97,627
65,30,35,42,35.6931366,32,51,62,76,750,35,78,67,97,608
67,29,36,42,38.47076812,32,51,64,78,864,40,82,68,98,448
67,31,35,42,36.67424164,32,51,64,78,864,35,79,67,98,608
30,64,42,35,34.71310992,32,50,62,75,750,34,78,67,98,660
30,64,42,35,34.71310992,32,50,63,76,806,34,78,67,98,660
30,65,42,34,35.90264614,31,50,63,76,832,34,77,69,98,735
29,66,42,35,37.65634077,31,50,63,77,864,35,79,68,99,660
34,66,35,36,32.01562119,32,50,70,82,1216,32,74,69,96,814
29,65,42,35,36.67424164,31,49,63,75,832,35,77,69,97,680
30,65,42,36,35.51056181,32,51,62,76,750,34,78,67,98,660
65,31,36,43,34.71310992,32,51,63,77,806,35,78,68,98,660
64,30,35,42,34.71310992,32,51,62,76,750,34,77,69,98,735
29,66,43,35,37.85498646,30,51,63,78,891,34,77,69,98,735
29,66,43,35,37.85498646,31,50,63,76,832,35,79,68,99,660
31,64,43,35,33.95585369,31,49,63,76,864,34,76,69,97,735
29,65,42,35,36.67424164,31,49,62,75,806,34,77,69,98,735
28,65,43,36,37.65634077,30,50,62,77,864,34,79,67,99,660
29,65,41,33,36.87817783,31,48,63,75,864,34,78,68,98,680
66,31,35,34,35.0142828,30,50,69,83,1287,32,79,62,97,540
29,64,40,34,35.51056181,30,49,61,74,775,32,77,66,97,680
28,66,41,33,38.83297568,30,48,64,76,952,35,79,69,99,680
65,31,36,42,34.525353,33,51,63,76,750,35,78,69,98,680
29,65,42,34,36.87817783,31,50,64,77,891,34,79,68,99,680
30,63,42,35,33.73425559,31,50,63,76,832,33,77,68,98,735
29,65,40,33,36.67424164,32,49,62,74,750,34,77,68,98,714
31,64,41,34,33.73425559,33,49,62,73,696,33,74,71,97,874
31,64,42,36,33.54101966,33,50,62,74,696,34,76,69,97,735
29,66,41,34,37.65634077,33,50,62,74,696,34,78,68,99,714
31,67,41,34,36.67424164,33,49,66,76,891,36,78,68,97,608
64,34,41,34,30.8058436,26,46,58,72,832,22,72,59,94,814
66,33,35,35,33,31,50,70,82,1248,32,76,68,97,756
30,65,41,34,35.6931366,32,49,63,75,806,35,77,69,97,680
32,67,42,35,35.6931366,32,50,64,77,864,37,78,70,98,660
33,67,41,36,34.36568055,35,50,64,74,696,35,75,71,97,792
31,64,40,33,33.73425559,31,48,63,75,864,31,76,68,98,814
29,67,38,32,38.47076812,30,49,65,78,1015,33,78,69,100,792
31,63,41,35,32.55764119,33,49,59,71,572,32,72,69,94,814
31,68,41,35,37.48332963,33,51,66,78,891,32,72,69,94,814
33,69,40,34,36.49657518,34,51,67,78,891,38,80,70,99,608
33,67,40,33,34.71310992,34,51,65,77,806,37,79,70,99,660
33,67,40,33,34.71310992,33,49,64,74,775,35,76,71,97,756
30,67,36,37,37.01351105,29,52,69,85,1320,33,82,60,98,432
28,55,42,16,37.48332963,32,49,61,73,696,34,77,68,97,680
28,55,42,16,37.48332963,32,48,63,74,806,32,75,69,97,814
27,62,42,34,35.90264614,30,49,63,76,891,33,80,64,99,589
29,65,42,34,36.87817783,32,49,63,75,806,34,78,68,98,680
29,65,42,34,36.87817783,32,51,64,78,864,37,79,70,99,660
28,65,42,35,37.65634077,32,50,64,77,864,36,79,69,99,660
28,65,41,34,37.65634077,31,50,64,78,924,36,79,69,99,660
29,67,41,34,38.63935817,31,50,66,79,1015,36,80,68,99,608
30,66,42,34,36.87817783,31,50,65,78,952,37,79,69,98,608
26,65,41,33,39.81205847,29,50,65,80,1080,43,81,71,98,476
66,31,35,34,35.0142828,29,50,65,80,1080,30,76,66,98,792
64,28,34,41,36.67424164,31,51,63,77,832,36,79,68,98,608
30,65,42,35,35.6931366,33,50,63,75,750,36,75,70,95,680
30,63,41,34,33.73425559,34,50,62,73,644,35,75,70,96,735
30,62,42,34,32.984845,34,50,60,72,572,34,74,69,95,735
30,65,41,33,35.90264614,32,50,64,77,864,37,78,70,98,660
30,65,40,33,35.6931366,33,49,63,74,750,35,76,70,97,735
30,65,40,33,35.6931366,31,48,63,75,864,33,77,68,98,735
31,68,39,34,37.33630941,34,49,65,75,806,34,77,69,98,735
31,67,39,35,36.22154055,32,49,65,76,891,34,77,67,97,660
31,67,37,33,36.22154055,31,47,64,75,924,34,77,67,97,660
35,69,37,37,34,31,47,64,75,924,34,79,65,98,589
30,67,39,34,37.33630941,32,49,65,77,924,35,79,66,98,589
31,66,40,35,35.35533906,32,49,64,75,832,34,77,67,97,660
31,66,39,35,35.22782991,33,49,64,75,806,33,77,66,97,660
30,66,39,35,36.22154055,32,50,63,76,806,33,78,66,98,660
30,66,38,34,36.22154055,32,49,63,75,806,34,78,66,97,608
31,66,40,34,35.51056181,33,50,64,76,806,35,79,67,98,608
30,66,39,34,36.34556369,34,51,63,75,696,35,79,67,98,608
30,66,39,34,36.34556369,33,50,64,76,806,33,78,67,98,680
29,68,38,31,39.62322551,32,49,67,78,1015,36,78,71,99,735
29,67,41,34,38.63935817,32,50,67,79,1015,36,78,71,99,735
34,67,36,36,33,30,50,70,83,1320,36,78,71,99,735
66,29,34,41,37.65634077,32,50,67,79,1015,36,78,71,99,735
29,66,39,32,37.65634077,31,47,67,77,1080,36,79,69,99,660
31,66,40,35,35.35533906,35,50,65,74,720,36,75,71,96,735
31,66,40,35,35.35533906,34,50,64,75,750,36,75,71,96,735
29,66,41,34,37.65634077,31,50,65,78,952,38,80,68,98,540
29,64,41,33,35.90264614,31,49,64,77,924,35,78,68,98,660
29,67,40,32,38.83297568,32,49,66,78,986,37,79,71,99,680
27,64,41,33,37.85498646,31,51,63,78,864,35,79,70,100,735
28,63,43,34,36.138622,30,51,62,77,832,33,79,66,99,660
28,64,41,33,36.87817783,29,48,64,77,1015,32,78,66,99,714
35,68,35,38,33.13608305,30,51,68,83,1216,32,78,66,99,714
28,66,38,32,38.47076812,31,48,66,77,1015,36,78,69,98,660
29,64,42,34,35.90264614,30,50,64,78,952,34,80,65,99,589
31,64,41,34,33.73425559,31,49,65,77,952,35,78,68,98,660
29,66,39,33,37.48332963,31,48,67,78,1080,37,77,70,97,660
30,64,40,33,34.71310992,31,48,63,75,864,33,73,71,96,874
30,64,40,33,34.71310992,32,49,61,73,696,34,73,70,95,792
29,64,38,30,35.90264614,33,48,63,73,750,33,71,76,97,1118
28,64,38,31,36.67424164,31,47,64,74,891,35,74,72,96,814
30,65,41,33,35.90264614,33,50,65,76,832,37,78,70,97,627
28,66,39,32,38.63935817,32,49,66,77,952,38,79,70,98,608
32,66,37,37,34,32,49,66,77,952,35,82,63,98,448
29,64,41,33,35.90264614,31,50,64,78,924,35,82,63,98,448
29,65,40,32,36.87817783,32,48,66,76,952,35,78,70,99,735
30,66,41,32,37.10795063,32,48,67,77,1015,35,78,69,99,714
30,66,41,32,37.10795063,32,48,66,77,986,36,76,75,99,897
30,66,41,32,37.10795063,31,47,66,76,1015,39,77,72,97,660
30,66,41,32,37.10795063,30,48,65,77,1015,39,78,71,97,608
28,66,42,33,39.05124838,33,49,67,77,952,40,79,72,98,608
30,66,40,34,36.49657518,34,49,63,73,696,34,75,72,98,874
65,30,33,41,35.90264614,34,51,65,77,806,36,77,70,97,680
65,30,33,41,35.90264614,34,51,65,77,806,36,77,70,97,680
33,67,35,36,34.0147027,32,50,70,81,1178,34,75,69,96,735
28,66,41,33,38.83297568,32,50,64,77,864,36,76,72,97,756
29,65,41,32,37.10795063,32,49,64,76,864,36,75,72,96,756
30,66,41,33,36.87817783,33,49,66,77,924,36,78,70,98,680
27,66,40,33,39.62322551,31,49,65,78,986,36,79,69,99,660
27,65,42,34,38.83297568,29,51,65,81,1080,36,79,69,99,660
29,65,41,33,36.87817783,33,50,65,76,832,38,79,70,98,608
30,67,40,30,38.32753579,33,49,67,77,952,42,78,75,98,660
28,65,41,32,38.07886553,31,49,65,77,952,42,78,75,98,660
29,64,41,32,36.138622,31,49,66,78,1015,42,78,75,98,660
29,65,40,33,36.67424164,33,48,66,76,924,36,75,74,98,874
33,67,36,37,34.0147027,33,48,66,76,924,36,79,66,97,540
29,66,41,33,37.85498646,33,49,66,76,891,38,77,72,97,680
30,66,42,31,37.64306045,33,49,67,77,952,38,78,72,99,714
30,67,42,32,38.32753579,33,49,67,77,952,38,78,73,99,735
29,63,39,30,35.17101079,33,47,64,73,806,33,71,78,98,1215
63,27,29,37,36.87817783,32,45,63,71,806,31,69,77,96,1242
63,27,29,37,36.87817783,32,49,66,77,952,36,78,70,98,680
63,27,29,37,36.87817783,32,49,66,77,952,36,78,70,98,680
29,67,40,32,38.83297568,32,50,66,78,952,39,81,70,99,558
29,67,39,33,38.47076812,31,48,66,77,1015,39,80,69,98,540
29,64,38,33,35.35533906,31,49,65,77,952,35,78,68,98,660
66,29,35,36,37.01351105,31,49,65,77,952,35,78,68,98,660
29,67,40,31,39.05124838,33,49,68,78,1015,37,78,70,98,660
29,66,41,31,38.32753579,33,49,67,77,952,38,77,75,99,814
29,66,41,31,38.32753579,33,48,65,74,832,34,74,73,97,897
32,68,41,35,36.49657518,34,49,67,76,891,37,77,71,97,680
31,67,41,32,37.10795063,34,48,68,76,952,37,76,73,98,792
31,67,41,32,37.10795063,31,48,65,76,952,34,76,69,97,735
27,67,39,31,40.79215611,30,48,67,79,1147,36,79,68,98,608
27,67,39,31,40.79215611,33,49,68,78,1015,40,79,71,97,558
27,67,39,31,40.79215611,31,49,65,77,952,38,79,70,98,608
28,64,41,32,37.10795063,33,49,65,76,864,35,77,73,99,836
68,36,37,39,32.06243908,39,52,65,73,546,28,71,70,96,1050
68,36,37,39,32.06243908,37,51,60,70,437,24,66,73,96,1470
31,66,37,38,35.0142828,31,48,66,77,1015,28,71,70,96,1050
31,66,37,38,35.0142828,33,53,69,83,1080,42,81,70,98,476
66,31,38,40,35.05709629,34,54,58,74,480,42,81,70,98,476
36,61,41,38,25.17935662,33,48,61,71,644,42,81,70,98,476
36,61,41,38,25.17935662,37,50,74,81,1147,42,81,70,98,476
65,31,37,39,34.05877273,35,50,68,77,891,42,81,70,98,476
61,33,35,38,28.16025568,36,46,65,70,696,34,68,74,92,960
68,32,36,35,36.01388621,36,49,62,70,546,25,67,73,95,1344
28,58,42,34,31.04834939,33,50,58,70,500,37,78,70,98,660
29,64,36,33,35.12833614,34,50,55,68,378,27,70,67,94,960
62,28,36,44,34.92849839,34,58,60,80,572,41,82,69,99,476
71,35,40,36,36.22154055,39,47,73,75,952,27,66,76,95,1421
32,65,36,37,33.01514804,35,49,60,69,500,25,66,69,92,1144
32,65,36,37,33.01514804,29,48,62,75,891,24,70,68,96,1144
32,65,36,37,33.01514804,37,47,64,69,594,24,71,69,98,1215
31,66,40,41,35.0142828,33,54,58,75,525,30,78,63,98,660
30,66,41,34,36.67424164,40,53,65,73,500,43,78,75,97,608
29,66,36,40,37.21558813,40,53,65,73,500,29,77,62,97,660
71,35,40,36,36.22154055,39,47,73,75,952,27,66,76,95,1421
71,35,40,36,36.22154055,39,47,73,75,952,27,66,76,95,1421
31,66,39,34,35.35533906,36,52,62,74,572,39,77,71,96,608
31,66,39,34,35.35533906,28,53,52,73,480,26,74,61,95,735
67,32,39,37,35.05709629,38,50,65,72,594,35,74,70,95,735
60,32,36,42,28.63564213,38,50,65,72,594,25,67,73,96,1392
25,61,37,35,36.05551275,27,56,52,77,525,32,81,61,98,493
31,65,39,45,34.525353,29,53,59,78,750,16,58,84,99,2788
65,32,34,42,33.95585369,35,51,68,78,891,42,79,75,98,627
65,32,34,42,33.95585369,35,50,68,78,924,29,75,67,98,874
35,68,37,37,33,34,51,57,70,437,30,71,71,95,984
31,63,39,44,32.38826948,28,52,59,78,806,22,77,58,98,756
26,63,39,36,37.12142239,28,52,59,78,806,33,82,61,99,476
34,65,38,38,31,28,52,59,78,806,33,82,61,99,476
34,65,38,38,31,33,51,61,74,644,32,72,74,97,1050
63,34,35,41,29.61418579,35,46,66,72,806,37,66,81,92,1144
40,70,36,42,30.59411708,36,48,66,73,750,26,67,74,95,1344
33,64,43,42,31.01612484,35,53,58,72,437,29,71,67,93,836
65,28,38,41,37.12142239,33,52,59,73,546,29,71,67,93,836
35,64,40,37,29.15475947,41,51,64,70,437,32,68,70,91,874
35,64,40,37,29.15475947,35,52,62,74,594,32,68,70,91,874
32,67,37,37,35,40,49,68,72,644,32,68,70,91,874
29,61,39,43,32.24903099,29,55,53,75,480,24,73,63,96,897
31,64,36,39,33.13608305,41,50,66,70,500,29,70,71,95,1050
30,64,38,38,34,33,49,59,70,546,21,67,69,95,1344
30,64,38,38,34,28,51,58,76,750,14,62,76,99,2294
30,64,38,38,34,32,50,64,76,832,26,65,76,95,1500
30,65,35,42,35.6931366,31,51,62,77,806,15,64,68,96,1696
30,66,39,44,36.34556369,30,54,60,79,750,24,76,59,97,735
29,65,36,44,36.87817783,31,51,58,73,594,24,74,62,97,874
32,66,37,34,34.13209633,37,48,66,72,696,36,72,70,92,680
64,30,35,42,34.71310992,37,52,63,74,572,40,77,73,97,660
31,61,40,41,30.01666204,34,53,57,72,437,23,69,70,97,1316
33,65,39,41,32.06243908,33,49,64,75,806,23,69,70,97,1316
32,63,41,32,32.28002478,33,49,64,75,806,38,71,76,94,874
34,69,34,42,35.90264614,30,47,63,74,891,19,67,69,97,1500
26,61,37,37,35,31,49,54,68,437,23,66,65,91,1050
34,67,37,40,33.13608305,37,53,63,75,572,33,79,65,98,608
34,67,37,40,33.13608305,32,48,60,71,644,33,79,65,98,608
34,65,34,36,31.06444913,34,48,56,66,396,28,70,70,95,1050
26,63,37,38,37.01351105,26,57,62,87,1080,30,71,61,90,589
70,35,41,33,35.90264614,33,49,66,77,924,25,74,65,98,960
29,61,39,36,32.14031736,35,52,59,72,480,34,73,70,94,756
64,36,42,34,29.12043956,34,51,60,73,572,21,68,68,96,1316
64,36,42,34,29.12043956,31,48,69,79,1178,33,73,70,95,814
30,66,36,44,36.87817783,24,51,58,79,952,24,76,61,98,814
31,67,37,41,36.22154055,28,46,62,74,952,20,67,69,96,1421
29,61,39,36,32.14031736,35,52,59,72,480,34,73,70,94,756
35,68,37,37,33,34,51,57,70,437,30,71,71,95,984
32,69,39,40,37.01351105,38,53,65,76,621,34,77,67,97,660
61,27,35,41,34.525353,30,49,65,78,1015,25,67,74,96,1421
70,35,38,38,35,38,53,70,79,832,33,72,71,95,874
62,31,38,40,31.06444913,31,51,58,73,594,28,75,65,97,814
32,58,42,32,27.85677655,31,51,58,73,594,31,62,84,94,1696
32,58,42,32,27.85677655,31,48,62,73,775,28,65,70,90,1050
29,65,36,44,36.87817783,31,51,58,73,594,24,74,62,97,874
29,65,36,44,36.87817783,37,51,61,71,480,24,74,62,97,874
29,65,36,44,36.87817783,36,52,65,76,696,24,74,62,97,874
62,32,37,42,30.41381265,36,51,65,75,696,36,72,76,96,960
62,32,37,42,30.41381265,27,48,55,72,672,34,78,64,96,540
30,66,39,44,36.34556369,30,54,60,79,750,24,76,59,97,735
68,32,40,35,36.34556369,29,51,59,76,750,27,75,63,97,792
37,66,36,35,29.01723626,40,48,69,72,696,34,72,69,93,735
29,64,36,33,35.12833614,34,50,55,68,378,27,70,67,94,960
32,64,38,38,32,37,50,59,68,396,27,67,70,93,1118
59,25,39,34,34.36568055,23,55,50,77,594,26,82,53,98,432
62,28,37,43,34.525353,33,56,58,77,525,38,80,69,99,589
33,64,36,39,31.144823,33,56,58,77,525,26,69,69,95,1118
30,65,35,42,35.6931366,31,51,62,77,806,15,64,68,96,1696
40,70,36,42,30.59411708,36,48,66,73,750,26,67,74,95,1344
70,35,41,33,35.90264614,33,49,66,77,924,25,74,65,98,960
34,69,34,42,35.90264614,30,47,63,74,891,19,67,69,97,1500
29,65,36,44,36.87817783,31,51,58,73,594,24,74,62,97,874
31,67,39,40,36.01388621,37,53,65,76,644,33,77,66,97,660
62,28,36,44,34.92849839,34,58,60,80,572,41,82,69,99,476
31,66,39,34,35.35533906,36,52,62,74,572,39,77,71,96,608
35,68,37,37,33,34,51,57,70,437,30,71,71,95,984
32,67,37,37,35,40,49,68,72,644,30,71,71,95,984
33,66,38,39,33.01514804,33,50,57,70,480,28,71,67,94,897
33,64,43,42,31.01612484,35,53,58,72,437,29,71,67,93,836
33,64,43,42,31.01612484,35,53,58,72,437,27,73,67,97,960
32,72,41,31,41.23105626,38,46,73,75,1015,46,77,78,96,608
26,65,38,36,39.05124838,35,48,66,74,806,46,77,78,96,608
26,65,38,36,39.05124838,35,48,66,74,806,33,77,65,96,608
